work_year,experience_level,employment_type,job_title,salary,salary_currency,salary_in_usd,employee_residence,remote_ratio,company_location,company_size
0.0,0.0,0.0,0.44897959183673464,0.0021713383339913143,0.4375,0.12890422864951492,0.25,1.0,0.24489795918367346,1.0
0.0,0.3333333333333333,0.0,0.836734693877551,0.008422160810632979,1.0,0.4306202387710775,0.5714285714285714,1.0,0.5918367346938775,0.0
0.0,0.3333333333333333,0.0,0.14285714285714285,0.0026648243189893407,0.5,0.17778883044373103,0.3571428571428571,0.0,0.36734693877551017,0.5
0.0,0.0,0.0,0.9591836734693877,0.0005263850506645612,1.0,0.02870511319772047,0.4107142857142857,1.0,0.4081632653061224,0.0
0.0,0.3333333333333333,0.0,0.7755102040816326,0.00480326358731412,1.0,0.24640913954995552,0.9821428571428571,0.0,0.9795918367346939,1.0
0.0,0.6666666666666666,0.0,0.24489795918367346,0.0022371364653243847,1.0,0.1157867237386145,0.9821428571428571,1.0,0.9795918367346939,1.0
0.0,0.3333333333333333,0.0,0.6938775510204082,0.006119226213975523,1.0,0.3133949938121817,0.9821428571428571,1.0,0.9795918367346939,0.0
0.0,0.0,0.0,0.44897959183673464,0.36175812606921964,0.5625,0.05505567361812369,0.4464285714285714,0.0,0.44897959183673464,1.0
0.0,0.0,0.0,0.16326530612244897,0.0043097776023160944,1.0,0.22128944420162072,0.9821428571428571,1.0,0.9795918367346939,1.0
0.0,0.3333333333333333,0.0,0.673469387755102,0.0039807869456507435,1.0,0.20454298063606416,0.7321428571428571,0.0,0.7755102040816326,0.0
0.0,0.6666666666666666,0.0,0.44897959183673464,0.0013488616923279378,0.4375,0.08115671173140011,0.33928571428571425,1.0,0.3469387755102041,0.0
0.0,0.0,0.0,0.44897959183673464,0.09856560073693907,0.625,0.06300354522633683,0.4821428571428571,1.0,0.5102040816326531,1.0
0.0,0.6666666666666666,0.0,0.44897959183673464,0.0010198710356625871,0.4375,0.062057370034882875,0.33928571428571425,1.0,0.3469387755102041,0.5
0.0,0.0,0.0,0.6530612244897959,0.0027306224503224107,1.0,0.1409064190869493,0.9821428571428571,1.0,0.9795918367346939,1.0
0.0,0.0,0.0,0.24489795918367346,0.0026648243189893407,1.0,0.137557126373838,0.9821428571428571,1.0,0.9795918367346939,1.0
0.0,0.0,0.0,0.24489795918367346,0.00013159626266614027,1.0,0.008609356919052617,0.7678571428571428,0.0,0.7959183673469387,1.0
0.0,0.6666666666666666,0.0,0.3469387755102041,0.14626924595341492,0.6875,0.06502651802505606,0.5714285714285714,1.0,0.5918367346938775,0.0
0.0,0.3333333333333333,0.0,0.14285714285714285,0.0031583103039873666,0.4375,0.1862005790927101,0.7857142857142857,1.0,0.36734693877551017,0.0
0.0,0.6666666666666666,0.0,0.3877551020408163,0.013784708514278194,0.625,0.0047693928234705035,0.4821428571428571,0.0,0.5102040816326531,0.5
0.0,0.0,0.0,0.673469387755102,0.0017107514146598238,1.0,0.08899238203372403,0.8214285714285714,1.0,0.9795918367346939,0.5
0.0,0.0,0.0,0.7755102040816326,0.009705224371627847,0.3125,0.06777628734252045,0.19642857142857142,1.0,0.18367346938775508,0.5
0.0,0.0,0.0,0.9591836734693877,0.014672983287274642,0.625,0.005380638743613318,0.4821428571428571,1.0,0.5102040816326531,1.0
0.0,0.3333333333333333,0.0,0.3469387755102041,0.0012501644953283326,0.4375,0.07542607189926667,0.375,0.0,0.3877551020408163,1.0
0.0,0.0,0.0,0.1020408163265306,0.003092512172654296,1.0,0.1593275290090615,0.9821428571428571,1.0,0.9795918367346939,0.5
0.0,0.0,0.0,0.6938775510204082,0.0036517962889853926,1.0,0.18779651707050762,0.0,1.0,0.0,1.0
0.0,1.0,0.0,0.5102040816326531,0.010560600078957759,1.0,0.539472251947195,0.9821428571428571,1.0,0.9795918367346939,1.0
0.0,0.6666666666666666,0.0,0.9795918367346939,0.0012501644953283326,1.0,0.06554733304194486,0.7142857142857142,0.0,0.7551020408163265,1.0
0.0,0.3333333333333333,0.0,0.3469387755102041,0.02355573101723911,0.75,0.05133126012114392,0.6607142857142857,1.0,0.6938775510204082,0.0
0.0,0.6666666666666666,0.3333333333333333,0.16326530612244897,0.0031583103039873666,1.0,0.16267682172217282,0.9821428571428571,1.0,0.9795918367346939,1.0
0.0,0.3333333333333333,0.0,0.8163265306122448,0.005033557046979866,0.125,0.19131997300470072,0.14285714285714285,0.0,0.12244897959183673,1.0
0.0,0.0,0.0,0.36734693877551017,0.001579122252928017,0.4375,0.09452373894942735,0.25,1.0,0.24489795918367346,0.0
0.0,0.6666666666666666,0.0,0.14285714285714285,0.0021713383339913143,1.0,0.11243743102550319,0.9821428571428571,1.0,0.9795918367346939,1.0
0.0,0.3333333333333333,0.0,0.44897959183673464,0.001842347677325964,0.4375,0.1098048869529977,0.375,1.0,0.9795918367346939,1.0
0.0,0.0,0.0,0.9795918367346939,0.014672983287274642,1.0,0.7488030465166517,0.9821428571428571,1.0,0.9795918367346939,0.5
0.0,0.0,0.0,0.24489795918367346,0.0012172654296617976,0.4375,0.07351697505279323,0.33928571428571425,0.0,0.3469387755102041,1.0
0.0,0.0,0.0,0.3469387755102041,0.0020068430056586393,0.4375,0.11935372047807803,0.03571428571428571,0.0,0.04081632653061224,1.0
0.0,0.0,0.0,0.3877551020408163,0.0032570075009869717,1.0,0.16770076079183976,0.9821428571428571,1.0,0.9795918367346939,1.0
0.0,0.6666666666666666,0.0,0.7755102040816326,0.008093170153967627,1.0,0.41387377520552093,0.9821428571428571,0.0,0.9795918367346939,1.0
0.0,0.6666666666666666,0.0,0.24489795918367346,0.00019739439399921044,1.0,0.011958649632163927,0.6964285714285714,1.0,0.7346938775510203,0.0
0.0,0.6666666666666666,0.0,0.7755102040816326,0.0044084747993156995,1.0,0.22631338327128767,0.9821428571428571,1.0,0.9795918367346939,0.0
0.0,0.0,0.0,0.44897959183673464,0.0013738649822345045,1.0,0.07184400334259412,0.75,1.0,0.9795918367346939,0.0
0.0,1.0,0.0,0.36734693877551017,0.0021713383339913143,0.4375,0.12890422864951492,0.3214285714285714,0.0,0.32653061224489793,1.0
0.0,0.0,0.0,0.7959183673469387,0.0013159626266614028,0.4375,0.07924594023857012,0.8214285714285714,1.0,0.836734693877551,0.5
0.0,0.0,0.0,0.3469387755102041,0.003355704697986577,1.0,0.17272469986150674,0.9821428571428571,1.0,0.9795918367346939,1.0
0.0,0.0,0.0,0.3469387755102041,0.0027635215159889457,0.5,0.1842328696237572,0.3571428571428571,0.0,0.36734693877551017,1.0
0.0,0.6666666666666666,0.6666666666666666,0.7346938775510203,0.0003289906566653507,0.4375,0.021949589795374962,0.25,1.0,0.24489795918367346,0.0
0.0,0.0,0.0,0.44897959183673464,0.001842347677325964,0.5,0.12408962037441743,0.3571428571428571,1.0,0.36734693877551017,0.0
0.0,0.3333333333333333,0.0,0.3469387755102041,0.006053428082642453,1.0,0.31004570109907037,0.9821428571428571,1.0,0.9795918367346939,1.0
0.0,0.0,0.0,0.44897959183673464,0.003322805632320042,1.0,0.1710500535049511,0.9821428571428571,1.0,0.9795918367346939,1.0
0.0,0.0,0.0,0.3469387755102041,0.0018916962758257665,0.4375,0.11267020686906443,0.33928571428571425,0.0,0.3469387755102041,1.0
0.0,0.6666666666666666,0.0,0.24489795918367346,0.014672983287274642,0.625,0.005380638743613318,0.4821428571428571,1.0,0.5102040816326531,0.0
0.0,0.6666666666666666,0.0,0.24489795918367346,0.0028622187129885507,1.0,0.14760500451317193,0.9821428571428571,1.0,0.9795918367346939,1.0
0.0,0.6666666666666666,0.0,0.02040816326530612,0.00973812343729438,0.375,0.0720717552470857,0.26785714285714285,0.0,0.26530612244897955,0.0
0.0,0.6666666666666666,0.0,0.3469387755102041,0.001447558889327543,0.4375,0.08688567691717701,0.7678571428571428,1.0,0.24489795918367346,1.0
0.0,0.3333333333333333,1.0,0.2040816326530612,0.001842347677325964,1.0,0.09569096745994664,0.875,1.0,0.9795918367346939,0.0
0.0,0.3333333333333333,0.0,0.9387755102040816,0.004145282273983419,0.4375,0.24349692953590524,0.25,1.0,0.24489795918367346,0.5
0.0,0.0,0.0,0.44897959183673464,0.0009869719699960521,0.4375,0.06014827318840943,0.3214285714285714,1.0,0.32653061224489793,0.5
0.0,0.0,0.0,0.44897959183673464,0.0037504934859849976,1.0,0.1928204561401746,0.9821428571428571,1.0,0.9795918367346939,0.5
0.0,0.3333333333333333,0.0,0.44897959183673464,0.003816291617318068,1.0,0.1961697488532859,0.9821428571428571,0.0,0.9795918367346939,1.0
0.0,0.0,0.0,0.44897959183673464,0.004419989472298987,1.0,0.22689950949608215,0.9821428571428571,1.0,0.9795918367346939,0.5
0.0,0.0,0.0,0.3469387755102041,0.003487300960652717,1.0,0.17942328528772936,0.9821428571428571,1.0,0.9795918367346939,1.0
0.0,0.0,0.0,0.3469387755102041,0.004171601526516647,1.0,0.21425592950408698,0.3214285714285714,1.0,0.9795918367346939,0.5
0.0,0.6666666666666666,0.6666666666666666,0.44897959183673464,0.0004934859849980261,0.4375,0.03150009796681186,0.5357142857142857,0.0,0.5714285714285714,0.0
0.0,0.3333333333333333,0.0,0.44897959183673464,0.013422818791946308,1.0,0.6851664849675368,0.9821428571428571,1.0,0.9795918367346939,1.0
0.0,0.3333333333333333,0.0,0.7755102040816326,0.0011843663639952626,0.4375,0.07160620355996322,0.42857142857142855,1.0,0.42857142857142855,0.0
0.0,0.6666666666666666,0.0,0.44897959183673464,0.0016778523489932886,0.4375,0.10025605342791735,0.25,0.0,0.24489795918367346,0.0
0.0,0.6666666666666666,0.0,0.44897959183673464,0.0012896433741281749,0.4375,0.07771866276139136,0.25,1.0,0.24489795918367346,0.0
0.0,0.3333333333333333,0.0,0.42857142857142855,0.00612580602710883,1.0,0.31372992308349285,0.9821428571428571,1.0,0.9795918367346939,0.5
0.0,0.6666666666666666,0.0,0.44897959183673464,0.003322805632320042,1.0,0.1710500535049511,0.9821428571428571,1.0,0.9795918367346939,0.0
0.0,0.3333333333333333,0.0,0.44897959183673464,0.0025003289906566652,0.4375,0.14800189569967562,0.03571428571428571,1.0,0.04081632653061224,0.0
0.0,0.0,0.0,0.44897959183673464,0.0016778523489932886,0.4375,0.10025605342791735,0.33928571428571425,0.0,0.6326530612244897,0.0
0.0,0.0,0.0,0.44897959183673464,0.0010856691669956574,0.4375,0.06587723837418633,0.33928571428571425,0.0,0.3469387755102041,0.0
0.5,0.6666666666666666,0.0,0.9795918367346939,0.001842347677325964,0.5,0.13341740058043242,0.3571428571428571,0.0,0.36734693877551017,1.0
0.5,1.0,0.0,0.1020408163265306,0.00480326358731412,1.0,0.24640913954995552,0.4821428571428571,1.0,0.9795918367346939,1.0
0.5,1.0,0.0,0.5918367346938775,0.007599684168969601,1.0,0.38875407985718613,0.9821428571428571,1.0,0.9795918367346939,1.0
0.5,0.3333333333333333,0.0,0.44897959183673464,0.0013488616923279378,0.4375,0.08428997506451574,0.33928571428571425,0.0,0.3469387755102041,1.0
0.5,0.0,0.0,0.1020408163265306,0.0031583103039873666,1.0,0.16267682172217282,0.9821428571428571,1.0,0.9795918367346939,0.5
0.5,0.0,0.6666666666666666,0.0,0.013028030003947888,0.625,0.004270348209216917,0.4821428571428571,0.0,0.5102040816326531,0.5
0.5,0.0,0.3333333333333333,0.7346938775510203,0.008751151467298329,1.0,0.44736670233663406,0.9821428571428571,1.0,0.9795918367346939,1.0
0.5,0.6666666666666666,0.0,0.24489795918367346,0.0025003289906566652,1.0,0.12918389459105972,0.9821428571428571,1.0,0.9795918367346939,0.5
0.5,0.3333333333333333,0.0,0.26530612244897955,0.0020726411369917093,0.4375,0.12783915356674555,0.25,1.0,0.24489795918367346,1.0
0.5,0.0,0.0,0.3469387755102041,0.0044742729306487695,1.0,0.229662675984399,0.9821428571428571,1.0,0.9795918367346939,1.0
0.5,0.0,0.0,0.061224489795918366,0.0021055402026582443,0.125,0.08604165515347297,0.3571428571428571,0.0,0.12244897959183673,1.0
0.5,0.0,0.0,0.7755102040816326,0.0011843663639952626,0.4375,0.07439281509727183,0.3214285714285714,1.0,0.32653061224489793,0.0
0.5,1.0,0.0,0.5102040816326531,0.004145282273983419,0.4375,0.2525500677394451,0.5357142857142857,1.0,0.8163265306122448,1.0
0.5,0.0,0.0,0.3469387755102041,0.003487300960652717,0.8125,0.042899415715886194,0.7857142857142857,1.0,0.8163265306122448,1.0
0.5,0.6666666666666666,0.0,0.24489795918367346,0.0015133570206606133,0.4375,0.09418713503175967,0.33928571428571425,0.0,0.3469387755102041,0.5
0.5,0.0,0.0,0.26530612244897955,0.003487300960652717,1.0,0.17942328528772936,0.9821428571428571,1.0,0.9795918367346939,1.0
0.5,0.3333333333333333,0.0,0.6530612244897959,0.005461244900644822,1.0,0.2799020666810686,0.9821428571428571,1.0,0.9795918367346939,1.0
0.5,0.3333333333333333,0.0,0.24489795918367346,0.0025003289906566652,1.0,0.12918389459105972,0.08928571428571427,1.0,0.9795918367346939,0.0
0.5,0.3333333333333333,0.0,0.8571428571428571,0.0023358336623239898,0.4375,0.14367628416069236,0.375,1.0,0.26530612244897955,1.0
0.5,0.6666666666666666,0.0,0.3877551020408163,0.0020068430056586393,0.4375,0.12388028957984798,0.25,1.0,0.24489795918367346,0.0
0.5,0.0,0.0,0.6530612244897959,0.04757204895380971,0.625,0.028050326472307208,0.4821428571428571,1.0,0.5102040816326531,1.0
0.5,0.3333333333333333,0.0,0.673469387755102,0.008948545861297539,1.0,0.45741458047596795,0.9821428571428571,1.0,0.9795918367346939,1.0
0.5,0.6666666666666666,0.0,0.44897959183673464,0.07224634820371102,0.625,0.04503458982049466,0.4821428571428571,0.0,0.5102040816326531,1.0
0.5,0.0,0.0,0.18367346938775508,0.003816291617318068,0.875,0.14474805782888797,0.8928571428571428,0.0,0.8979591836734693,1.0
0.5,0.6666666666666666,0.6666666666666666,0.02040816326530612,0.0002631925253322806,1.0,0.015307942345275237,0.125,1.0,0.9795918367346939,0.0
0.5,0.0,0.0,0.5714285714285714,0.014672983287274642,1.0,0.7488030465166517,0.9821428571428571,1.0,0.9795918367346939,1.0
0.5,0.6666666666666666,0.0,0.22448979591836732,0.0021713383339913143,1.0,0.11243743102550319,0.9821428571428571,1.0,0.9795918367346939,0.5
0.5,0.0,0.0,0.22448979591836732,0.0025332280563232002,0.4375,0.15555287612138505,0.25,1.0,0.9795918367346939,0.0
0.5,0.0,0.0,0.24489795918367346,0.0023358336623239898,1.0,0.12081066280828145,0.9821428571428571,1.0,0.9795918367346939,1.0
0.5,0.3333333333333333,0.0,0.3469387755102041,0.00480326358731412,1.0,0.24640913954995552,0.9821428571428571,1.0,0.9795918367346939,1.0
0.5,0.0,0.0,0.1020408163265306,0.36175812606921964,0.5625,0.05593318830895885,0.4464285714285714,0.0,0.9795918367346939,1.0
0.5,0.0,0.0,0.24489795918367346,0.001908145808659034,1.0,0.09904026017305795,0.9821428571428571,1.0,0.9795918367346939,1.0
0.5,0.0,0.0,0.44897959183673464,0.0022700355309909197,1.0,0.11746137009517015,0.9821428571428571,1.0,0.9795918367346939,1.0
0.5,0.0,0.0,0.24489795918367346,0.0011006711409395973,0.5,0.08148829170999813,0.3571428571428571,0.0,0.36734693877551017,1.0
0.5,0.0,0.0,0.9795918367346939,0.007599684168969601,0.125,0.30911124843211235,0.14285714285714285,1.0,0.12244897959183673,1.0
0.5,0.3333333333333333,0.0,0.3469387755102041,0.0036517962889853926,1.0,0.18779651707050762,0.9821428571428571,1.0,0.9795918367346939,0.0
0.5,0.3333333333333333,0.0,0.3469387755102041,0.00480326358731412,1.0,0.24640913954995552,0.9821428571428571,1.0,0.9795918367346939,0.5
0.5,0.6666666666666666,0.0,0.3469387755102041,0.07389130148703778,0.625,0.04616832540388283,0.4821428571428571,1.0,0.5102040816326531,1.0
0.5,0.3333333333333333,0.0,0.7755102040816326,0.0025003289906566652,0.4375,0.15357344412793628,0.25,0.0,0.24489795918367346,1.0
0.5,0.3333333333333333,0.0,0.4897959183673469,0.0025825766548230027,0.5,0.1852443560231168,0.3571428571428571,1.0,0.36734693877551017,0.5
0.5,0.3333333333333333,0.0,0.673469387755102,0.0023358336623239898,0.5,0.16796870420888868,0.3571428571428571,1.0,0.36734693877551017,0.0
0.5,0.6666666666666666,0.6666666666666666,0.02040816326530612,0.0002631925253322806,1.0,0.015307942345275237,0.7678571428571428,1.0,0.9795918367346939,0.5
0.5,0.0,0.0,0.3469387755102041,0.0011317278589288065,0.4375,0.07122605883702508,0.7142857142857142,1.0,0.7551020408163265,1.0
0.5,0.6666666666666666,0.0,0.836734693877551,0.007270693512304251,1.0,0.3720076162916296,0.9821428571428571,1.0,0.9795918367346939,1.0
0.5,0.0,0.0,0.44897959183673464,0.0015133570206606133,1.0,0.0789445038943901,0.6964285714285714,1.0,0.7346938775510203,1.0
0.5,0.0,0.0,0.4081632653061224,0.0009869719699960521,0.4375,0.06251454849022257,0.375,1.0,0.3877551020408163,0.5
0.5,0.6666666666666666,0.0,0.24489795918367346,0.0028293196473220157,1.0,0.14593035815661626,0.9821428571428571,1.0,0.9795918367346939,0.0
0.5,0.0,0.0,0.3469387755102041,0.006448216870640874,1.0,0.33014145737773826,0.9821428571428571,1.0,0.9795918367346939,1.0
0.5,0.0,0.0,0.14285714285714285,0.001842347677325964,1.0,0.09569096745994664,0.3214285714285714,0.0,0.8571428571428571,0.5
0.5,0.3333333333333333,0.0,0.9183673469387754,0.006448216870640874,1.0,0.33014145737773826,0.9821428571428571,1.0,0.9795918367346939,0.5
0.5,0.6666666666666666,0.0,0.24489795918367346,0.0015133570206606133,1.0,0.0789445038943901,0.9821428571428571,1.0,0.9795918367346939,0.5
0.5,0.6666666666666666,0.0,0.061224489795918366,0.0025003289906566652,0.5,0.17948524720292192,0.3571428571428571,1.0,0.36734693877551017,1.0
0.5,0.6666666666666666,0.6666666666666666,0.24489795918367346,0.00015659955257270696,0.4375,0.012551474442384629,0.3214285714285714,0.0,0.32653061224489793,0.5
0.5,0.0,0.0,0.9387755102040816,0.004836162652980655,1.0,0.2480837859065112,0.9821428571428571,1.0,0.9795918367346939,1.0
0.5,0.3333333333333333,0.0,0.836734693877551,0.003816291617318068,1.0,0.1961697488532859,0.9821428571428571,0.0,0.9795918367346939,0.0
0.5,0.0,0.0,0.44897959183673464,0.02289774970390841,0.625,0.011064388477763209,0.4821428571428571,1.0,0.5102040816326531,0.0
0.5,0.6666666666666666,0.0,0.7755102040816326,0.0005263850506645612,1.0,0.02870511319772047,0.4821428571428571,1.0,0.5102040816326531,0.0
0.5,0.3333333333333333,0.0,0.6938775510204082,0.09856560073693907,0.625,0.06315258875207028,0.4821428571428571,0.0,0.5102040816326531,1.0
0.5,0.6666666666666666,0.0,0.7551020408163265,0.0031583103039873666,1.0,0.16267682172217282,0.5,0.0,0.5306122448979591,0.0
0.5,0.6666666666666666,0.0,0.44897959183673464,0.0012501644953283326,0.4375,0.0783516790841694,0.33928571428571425,0.0,0.3469387755102041,0.5
0.5,0.0,0.0,0.08163265306122448,0.0011317278589288065,1.0,0.059518606158344506,1.0,1.0,0.9795918367346939,0.5
0.5,0.3333333333333333,0.0,0.2040816326530612,0.0006579813133307014,1.0,0.03540369862394309,0.125,1.0,0.1020408163265306,0.5
0.5,0.6666666666666666,0.0,0.44897959183673464,0.0031583103039873666,1.0,0.16267682172217282,0.9821428571428571,1.0,0.9795918367346939,0.0
0.5,0.0,0.0,0.24489795918367346,0.0028293196473220157,1.0,0.14593035815661626,0.9821428571428571,1.0,0.9795918367346939,0.5
0.5,0.0,0.0,0.7346938775510203,0.23016186340307934,0.6875,0.10190558008912468,0.5714285714285714,0.0,0.5918367346938775,0.0
0.5,0.0,0.0,0.7346938775510203,0.279510461902882,0.6875,0.12476952679517903,0.5714285714285714,0.0,0.5918367346938775,0.0
0.5,0.3333333333333333,0.0,0.9387755102040816,0.007106198183971575,1.0,0.3636343845088513,0.9821428571428571,1.0,0.9795918367346939,1.0
0.5,0.6666666666666666,0.0,0.44897959183673464,0.0025003289906566652,1.0,0.12918389459105972,0.9821428571428571,1.0,0.9795918367346939,0.5
0.5,0.0,0.0,0.24489795918367346,0.0043097776023160944,1.0,0.22128944420162072,0.9821428571428571,1.0,0.9795918367346939,1.0
0.5,0.3333333333333333,0.0,0.42857142857142855,0.007764179497302277,1.0,0.3971273116399644,0.9821428571428571,1.0,0.9795918367346939,1.0
0.5,0.3333333333333333,0.0,0.36734693877551017,0.00480326358731412,1.0,0.24640913954995552,0.9821428571428571,1.0,0.9795918367346939,1.0
0.5,0.0,0.0,0.44897959183673464,0.0025825766548230027,1.0,0.13337051048244886,0.9821428571428571,1.0,0.9795918367346939,0.0
0.5,0.0,0.0,0.3469387755102041,0.0031583103039873666,1.0,0.16267682172217282,0.9821428571428571,1.0,0.9795918367346939,1.0
0.5,0.3333333333333333,0.0,0.7755102040816326,0.0021713383339913143,0.4375,0.13377912419344845,0.07142857142857142,0.0,0.08163265306122448,0.5
0.5,0.0,0.0,0.9795918367346939,0.0016120542176602185,0.4375,0.10012710565846257,0.33928571428571425,0.0,0.3469387755102041,0.5
0.5,0.0,0.0,0.3469387755102041,0.0028293196473220157,1.0,0.14593035815661626,0.9821428571428571,1.0,0.9795918367346939,1.0
0.5,0.3333333333333333,0.0,0.36734693877551017,0.004901960784313725,1.0,0.2514330786196225,0.9821428571428571,1.0,0.9795918367346939,1.0
0.5,0.3333333333333333,0.0,0.18367346938775508,0.005132254243979471,1.0,0.26315560311551206,0.125,1.0,0.9795918367346939,0.0
0.5,0.3333333333333333,0.0,0.5102040816326531,0.005395446769311751,1.0,0.2765527739679573,0.5714285714285714,1.0,0.5918367346938775,0.0
0.5,0.0,0.0,0.44897959183673464,0.00480326358731412,1.0,0.24640913954995552,0.9821428571428571,1.0,0.9795918367346939,0.5
0.5,0.0,0.0,0.44897959183673464,0.002993814975654691,0.125,0.12210683908825554,0.14285714285714285,1.0,0.12244897959183673,1.0
0.5,0.6666666666666666,0.0,0.44897959183673464,0.0003092512172654297,1.0,0.017652447244453154,0.9642857142857142,1.0,0.9591836734693877,1.0
0.5,0.3333333333333333,0.0,0.42857142857142855,0.00460586919331491,1.0,0.2363612614106216,0.9821428571428571,1.0,0.9795918367346939,1.0
0.5,0.3333333333333333,0.0,0.4081632653061224,0.005115804711146203,0.125,0.20826237019397428,0.14285714285714285,0.0,0.12244897959183673,1.0
0.5,0.0,0.0,0.44897959183673464,0.005132254243979471,0.875,0.19459390663176704,0.8928571428571428,1.0,0.4897959183673469,0.5
0.5,0.0,0.0,0.08163265306122448,0.013784708514278194,1.0,0.7035875948896491,0.9821428571428571,0.0,0.9795918367346939,1.0
0.5,0.3333333333333333,0.0,0.3061224489795918,0.003816291617318068,1.0,0.1961697488532859,0.9821428571428571,1.0,0.9795918367346939,0.5
0.5,0.6666666666666666,0.0,0.7755102040816326,0.0039807869456507435,1.0,0.20454298063606416,0.9821428571428571,1.0,0.9795918367346939,0.0
0.5,1.0,0.0,0.5918367346938775,0.007435188840636926,1.0,0.38038084807440786,0.875,0.0,0.8775510204081632,1.0
0.5,1.0,0.0,0.6122448979591836,0.0026648243189893407,1.0,0.137557126373838,0.875,1.0,0.8775510204081632,0.5
0.5,0.0,0.0,0.3469387755102041,0.0006579813133307014,0.4375,0.04272022855573474,0.6428571428571428,0.0,0.673469387755102,1.0
0.5,0.6666666666666666,0.0,0.3877551020408163,0.0016449532833267535,0.4375,0.10210653765191136,0.25,0.0,0.24489795918367346,1.0
0.5,1.0,0.0,0.5102040816326531,0.003487300960652717,0.4375,0.2129597532241129,0.25,0.0,0.24489795918367346,0.5
0.5,0.3333333333333333,0.0,0.4693877551020408,0.005296749572312146,1.0,0.2715288348982903,0.9821428571428571,1.0,0.9795918367346939,1.0
0.5,0.6666666666666666,0.0,0.3469387755102041,0.0025003289906566652,1.0,0.12918389459105972,0.9821428571428571,1.0,0.9795918367346939,1.0
0.5,1.0,0.0,0.5102040816326531,0.008093170153967627,1.0,0.41387377520552093,0.9821428571428571,1.0,0.9795918367346939,1.0
0.5,0.6666666666666666,0.0,0.1020408163265306,0.0016778523489932886,1.0,0.08731773567716837,0.9821428571428571,0.0,0.9795918367346939,0.0
0.5,0.0,0.0,0.32653061224489793,0.00480326358731412,1.0,0.24640913954995552,0.9821428571428571,1.0,0.9795918367346939,1.0
0.5,0.0,0.0,0.32653061224489793,0.005461244900644822,1.0,0.2799020666810686,0.9821428571428571,1.0,0.9795918367346939,1.0
0.5,0.0,0.0,0.3469387755102041,0.001842347677325964,0.5,0.13341740058043242,0.3571428571428571,1.0,0.36734693877551017,1.0
0.5,0.6666666666666666,0.0,0.24489795918367346,0.001842347677325964,1.0,0.09569096745994664,0.9821428571428571,1.0,0.9795918367346939,0.0
0.5,0.3333333333333333,0.0,0.9387755102040816,0.007599684168969601,1.0,0.38875407985718613,0.9821428571428571,1.0,0.9795918367346939,1.0
0.5,0.3333333333333333,0.0,0.9795918367346939,0.0015594157125937624,0.4375,0.09695867475185928,0.8214285714285714,0.0,0.836734693877551,1.0
0.5,0.3333333333333333,0.0,0.36734693877551017,0.005592841163310962,1.0,0.28660065210729124,0.9821428571428571,1.0,0.9795918367346939,1.0
0.5,0.0,0.0,0.44897959183673464,0.0017765495459928938,0.75,0.0,0.6607142857142857,1.0,0.6938775510204082,0.0
0.5,0.0,0.0,0.44897959183673464,1.0,0.25,0.06226167689038267,0.17857142857142855,1.0,0.16326530612244897,1.0
0.5,0.6666666666666666,0.0,0.7755102040816326,0.0025332280563232002,1.0,0.13085854094761537,0.9821428571428571,0.0,0.9795918367346939,0.0
0.5,0.0,0.0,0.44897959183673464,0.01368601131727859,0.625,0.004722502725486946,0.4821428571428571,1.0,0.9795918367346939,0.0
0.5,0.0,0.0,0.14285714285714285,0.05487564153178049,0.625,0.03307761483468728,0.4821428571428571,1.0,0.5102040816326531,1.0
0.5,0.0,0.0,0.44897959183673464,0.0023937360178970914,0.4375,0.14715954858232813,0.25,0.0,0.24489795918367346,1.0
0.5,0.0,0.0,0.3469387755102041,0.0005921831819976313,0.4375,0.03876136456883718,0.8392857142857142,1.0,0.9795918367346939,1.0
0.5,0.3333333333333333,0.0,0.5510204081632653,0.0013488616923279378,0.5,0.09886609695197617,0.3571428571428571,0.0,0.36734693877551017,1.0
0.5,0.0,1.0,0.836734693877551,0.0002631925253322806,1.0,0.015307942345275237,0.7678571428571428,0.0,0.7959183673469387,0.5
0.5,0.0,0.0,0.3469387755102041,0.0,1.0,0.0019107714928300011,0.5178571428571428,1.0,0.5510204081632653,0.5
0.5,0.3333333333333333,0.0,0.26530612244897955,0.0015133570206606133,1.0,0.0789445038943901,1.0,1.0,0.36734693877551017,0.5
0.5,1.0,0.0,0.3877551020408163,0.0018094486116594288,0.4375,0.11200369761915527,0.33928571428571425,1.0,0.32653061224489793,0.0
0.5,0.3333333333333333,0.0,0.3469387755102041,0.0020068430056586393,0.4375,0.12388028957984798,0.8392857142857142,0.0,0.36734693877551017,0.0
0.5,0.0,0.0,0.7755102040816326,0.0023029345966574548,1.0,0.1191360164517258,0.5714285714285714,0.0,0.5918367346938775,0.0
0.5,0.3333333333333333,0.0,0.42857142857142855,0.00486906171864719,1.0,0.24975843226306682,0.9821428571428571,1.0,0.3469387755102041,1.0
0.5,0.6666666666666666,0.0,0.7755102040816326,0.0005870509277536519,1.0,0.0317931610792091,0.21428571428571427,0.0,0.2040816326530612,0.5
0.5,0.0,0.0,0.14285714285714285,0.00046058691933149106,1.0,0.025355820484609163,0.625,1.0,0.6530612244897959,0.0
0.5,0.3333333333333333,0.0,0.42857142857142855,0.005592841163310962,1.0,0.28660065210729124,0.9821428571428571,1.0,0.9795918367346939,1.0
0.5,0.3333333333333333,0.0,0.9795918367346939,0.003832741150151335,0.125,0.156167471334241,0.14285714285714285,0.0,0.12244897959183673,1.0
0.5,0.0,0.0,0.44897959183673464,0.004704566390314515,1.0,0.24138520048028855,0.9821428571428571,0.0,0.9795918367346939,1.0
0.5,0.6666666666666666,0.0,0.1020408163265306,0.0001734438741939729,1.0,0.010739507084591409,0.5892857142857143,1.0,0.6122448979591836,0.0
0.5,0.3333333333333333,0.0,0.7755102040816326,0.05908662323989998,0.625,0.03597642767788512,0.4821428571428571,1.0,0.5102040816326531,1.0
0.5,0.3333333333333333,0.0,0.42857142857142855,0.13146466640347412,0.625,0.08580050607812895,0.4821428571428571,0.0,0.9795918367346939,1.0
0.5,0.6666666666666666,0.0,0.3877551020408163,0.0028293196473220157,1.0,0.14593035815661626,0.9821428571428571,1.0,0.9795918367346939,0.0
0.5,0.0,0.0,0.44897959183673464,0.0015791551519936833,0.4375,0.09814767366501378,0.25,0.0,0.04081632653061224,0.5
0.5,0.3333333333333333,0.0,0.7959183673469387,0.006283721542308198,1.0,0.32176822559496,0.9821428571428571,1.0,0.9795918367346939,0.5
0.5,0.0,0.0,0.44897959183673464,0.0009211738386629819,0.4375,0.058555684503325,0.3214285714285714,1.0,0.32653061224489793,1.0
0.5,0.3333333333333333,0.0,0.9795918367346939,0.0015133570206606133,1.0,0.0789445038943901,0.33928571428571425,1.0,0.9795918367346939,0.0
0.5,0.0,0.0,0.44897959183673464,0.005132254243979471,1.0,0.26315560311551206,0.9821428571428571,1.0,0.9795918367346939,1.0
0.5,0.0,0.0,0.44897959183673464,0.0021581787077247,0.0625,0.01681679871253188,0.125,1.0,0.1020408163265306,0.0
0.5,0.3333333333333333,0.0,0.7755102040816326,0.006448216870640874,1.0,0.33014145737773826,0.9821428571428571,1.0,0.9795918367346939,1.0
0.5,0.3333333333333333,0.0,0.3469387755102041,0.005296749572312146,1.0,0.2715288348982903,0.9821428571428571,1.0,0.9795918367346939,0.5
0.5,0.0,1.0,0.3469387755102041,0.0005263850506645612,1.0,0.02870511319772047,0.5357142857142857,1.0,0.9795918367346939,1.0
0.5,0.3333333333333333,0.0,0.3061224489795918,0.003816291617318068,1.0,0.1961697488532859,0.9821428571428571,1.0,0.9795918367346939,1.0
0.5,0.0,0.0,0.7755102040816326,0.0005592841163310962,0.4375,0.03678193257538839,0.9107142857142857,0.0,0.9183673469387754,1.0
0.5,0.0,0.0,0.9795918367346939,0.001447558889327543,0.4375,0.0902282710448621,0.33928571428571425,0.0,0.3469387755102041,0.0
0.5,0.0,0.0,0.3469387755102041,0.001447558889327543,0.5,0.10577568781912479,0.39285714285714285,0.0,0.36734693877551017,0.0
0.5,0.6666666666666666,0.0,0.14285714285714285,0.014179497302276616,0.625,0.005062455935867742,0.4821428571428571,1.0,0.14285714285714285,1.0
0.5,0.6666666666666666,0.0,0.7755102040816326,0.0005592841163310962,0.4375,0.03678193257538839,0.25,0.0,0.24489795918367346,0.5
0.5,0.3333333333333333,0.0,0.9183673469387754,0.005954730885642848,1.0,0.30502176202940345,0.9821428571428571,1.0,0.9795918367346939,1.0
0.5,0.6666666666666666,0.6666666666666666,0.2040816326530612,0.005790235557310172,0.375,0.0431221436813081,0.26785714285714285,0.0,0.26530612244897955,0.0
0.5,0.0,0.0,0.44897959183673464,0.0023937360178970914,0.4375,0.14715954858232813,0.25,0.0,0.24489795918367346,1.0
0.5,0.0,0.0,0.7755102040816326,0.0023358336623239898,0.4375,0.14367628416069236,0.07142857142857142,1.0,0.08163265306122448,0.5
0.5,0.3333333333333333,0.0,0.3061224489795918,0.0044742729306487695,1.0,0.229662675984399,0.9821428571428571,1.0,0.9795918367346939,1.0
0.5,0.0,0.0,0.7755102040816326,0.005790235557310172,0.8125,0.07324568234303121,0.7857142857142857,1.0,0.8163265306122448,1.0
0.5,0.0,0.0,0.44897959183673464,0.0026648243189893407,0.5,0.19100179019695515,0.3571428571428571,0.0,0.36734693877551017,1.0
0.5,0.0,0.0,0.44897959183673464,0.08211606790367154,0.625,0.05182863008904095,0.4821428571428571,1.0,0.5102040816326531,0.5
0.5,0.0,0.0,0.44897959183673464,0.0012139755230951442,0.5,0.08942109150100228,0.3571428571428571,0.0,0.36734693877551017,1.0
0.5,0.3333333333333333,0.0,0.836734693877551,0.007270693512304251,1.0,0.3720076162916296,0.9821428571428571,1.0,0.12244897959183673,1.0
0.5,1.0,0.3333333333333333,0.9387755102040816,0.013554415054612448,1.0,0.6918650703937596,0.9821428571428571,1.0,0.9795918367346939,0.0
0.5,0.3333333333333333,0.0,0.44897959183673464,0.003487300960652717,0.125,0.1421423080980874,0.14285714285714285,1.0,0.12244897959183673,0.0
0.5,0.0,0.0,0.44897959183673464,0.0023358336623239898,0.4375,0.14367628416069236,0.25,0.0,0.24489795918367346,1.0
0.5,0.3333333333333333,0.0,0.44897959183673464,0.0043097776023160944,1.0,0.22128944420162072,0.9821428571428571,1.0,0.9795918367346939,1.0
0.5,0.3333333333333333,0.0,0.24489795918367346,0.0028293196473220157,0.125,0.11542834941831158,0.14285714285714285,1.0,0.12244897959183673,0.5
0.5,0.6666666666666666,0.0,0.14285714285714285,0.03934728253717594,0.625,0.022388347140792544,0.4821428571428571,1.0,0.5102040816326531,1.0
0.5,0.3333333333333333,0.0,0.7346938775510203,0.008290564547966837,1.0,0.4239216533448549,0.9821428571428571,1.0,0.9795918367346939,0.0
0.5,0.3333333333333333,0.0,0.4897959183673469,0.006448216870640874,1.0,0.33014145737773826,0.9821428571428571,1.0,0.9795918367346939,1.0
0.5,0.3333333333333333,0.0,0.24489795918367346,0.006448216870640874,1.0,0.33014145737773826,0.9821428571428571,1.0,0.9795918367346939,1.0
0.5,0.0,0.0,0.32653061224489793,0.005790235557310172,1.0,0.29664853024662513,0.9821428571428571,1.0,0.9795918367346939,1.0
0.5,0.0,0.0,0.6122448979591836,0.003487300960652717,1.0,0.17942328528772936,0.9821428571428571,1.0,0.9795918367346939,0.0
0.5,0.0,0.0,0.9795918367346939,0.0025003289906566652,0.125,0.10207137007842368,0.14285714285714285,1.0,0.12244897959183673,0.5
0.5,0.0,0.0,0.44897959183673464,0.0011712067377286485,0.4375,0.07360070737062101,0.3214285714285714,1.0,0.32653061224489793,0.5
0.5,0.6666666666666666,0.0,0.44897959183673464,0.0,1.0,0.0019107714928300011,1.0,1.0,0.9999999999999999,0.5
0.5,0.6666666666666666,0.0,0.3469387755102041,0.05250690880378997,0.625,0.03144650928340208,0.4821428571428571,0.0,0.5102040816326531,0.5
0.5,0.3333333333333333,0.0,0.44897959183673464,0.004145282273983419,0.125,0.16885794142421973,0.14285714285714285,1.0,0.12244897959183673,1.0
0.5,0.0,0.0,0.24489795918367346,0.0025003289906566652,1.0,0.12918389459105972,0.9821428571428571,1.0,0.9795918367346939,1.0
0.5,0.0,0.0,0.3469387755102041,0.003487300960652717,1.0,0.17942328528772936,0.9821428571428571,1.0,0.9795918367346939,1.0
0.5,0.3333333333333333,0.0,0.44897959183673464,0.005296749572312146,1.0,0.2715288348982903,0.9821428571428571,1.0,0.9795918367346939,1.0
0.5,0.6666666666666666,0.0,0.02040816326530612,0.04378865640215818,0.625,0.025444576741506613,0.4821428571428571,1.0,0.02040816326530612,0.0
0.5,0.0,0.0,0.3469387755102041,0.001595604684826951,0.5,0.1161417487662043,0.3571428571428571,0.0,0.36734693877551017,1.0
0.5,0.6666666666666666,0.0,0.44897959183673464,0.0008882747729964469,0.4375,0.056576252509876225,0.33928571428571425,0.0,0.3469387755102041,1.0
0.5,0.0,0.0,0.3469387755102041,0.003421502829319647,0.9375,0.015480430920000468,0.9464285714285714,1.0,0.9387755102040816,0.5
0.5,0.3333333333333333,0.0,0.3469387755102041,0.0021713383339913143,0.5,0.1564504865684989,0.3571428571428571,0.0,0.36734693877551017,1.0
0.5,0.3333333333333333,0.0,0.8979591836734693,0.005461244900644822,1.0,0.2799020666810686,0.9821428571428571,1.0,0.9795918367346939,0.5
0.5,0.0,0.0,0.44897959183673464,0.0036517962889853926,1.0,0.18779651707050762,0.9821428571428571,0.0,0.9795918367346939,1.0
0.5,0.6666666666666666,0.0,0.44897959183673464,0.0028293196473220157,1.0,0.14593035815661626,0.9821428571428571,1.0,0.9795918367346939,0.0
0.5,1.0,0.0,0.9183673469387754,0.0196078431372549,1.0,0.9999999999999999,0.9821428571428571,1.0,0.9795918367346939,1.0
0.5,0.6666666666666666,0.0,0.44897959183673464,0.06895644163705751,0.625,0.04277046794643141,0.4821428571428571,1.0,0.5102040816326531,0.5
0.5,0.0,0.0,0.24489795918367346,0.002928016844321621,1.0,0.15095429722628323,0.9821428571428571,1.0,0.9795918367346939,1.0
0.5,0.3333333333333333,0.0,0.12244897959183673,0.0039807869456507435,0.125,0.16217945175427578,0.14285714285714285,0.0,0.12244897959183673,0.5
0.5,0.0,0.0,0.3469387755102041,0.006448216870640874,1.0,0.33014145737773826,0.9821428571428571,1.0,0.9795918367346939,1.0
0.5,0.3333333333333333,0.0,0.9387755102040816,0.004704566390314515,0.4375,0.286202086274431,0.25,1.0,0.24489795918367346,0.5
0.5,0.3333333333333333,0.0,0.7755102040816326,0.005954730885642848,1.0,0.30502176202940345,0.9821428571428571,0.0,0.9795918367346939,1.0
0.5,1.0,0.0,0.5102040816326531,0.003816291617318068,0.4375,0.23275407315860072,0.25,1.0,0.24489795918367346,1.0
0.5,0.0,0.0,0.44897959183673464,0.004145282273983419,1.0,0.21291621241884245,0.9821428571428571,0.0,0.9795918367346939,1.0
0.5,0.3333333333333333,0.0,0.24489795918367346,0.0016449532833267535,0.4375,0.10210653765191136,0.25,0.0,0.24489795918367346,1.0
0.5,0.0,0.0,0.44897959183673464,0.040992235820502695,0.625,0.023520408077824167,0.4821428571428571,1.0,0.5102040816326531,0.0
0.5,0.3333333333333333,0.0,0.7755102040816326,0.1610738255033557,0.625,0.10618262688376781,0.4821428571428571,1.0,0.5102040816326531,1.0
0.5,0.0,0.0,0.44897959183673464,0.0005790235557310173,0.4375,0.03796925684218635,0.8571428571428571,1.0,0.24489795918367346,0.0
0.5,0.3333333333333333,0.0,0.673469387755102,0.005132254243979471,1.0,0.26315560311551206,0.8035714285714285,0.0,0.9795918367346939,0.0
0.5,0.0,0.0,0.3469387755102041,0.0029329517041716013,1.0,0.1512054941797666,0.9821428571428571,1.0,0.9795918367346939,0.5
0.5,0.0,0.0,0.3469387755102041,0.003545696802210817,1.0,0.18239578257061564,0.9821428571428571,1.0,0.9795918367346939,0.5
0.5,0.0,0.0,0.3469387755102041,0.008093170153967627,0.9375,0.0421290783918706,0.9464285714285714,1.0,0.9387755102040816,0.5
0.5,0.6666666666666666,0.0,0.3469387755102041,0.0016778523489932886,0.4375,0.10408596964536014,0.25,0.0,0.24489795918367346,0.5
0.5,0.6666666666666666,0.0,0.3469387755102041,0.0022535859981576522,1.0,0.11662404691689232,0.9821428571428571,1.0,0.9795918367346939,1.0
0.5,0.3333333333333333,0.0,0.2040816326530612,0.0032241084353204367,0.0625,0.026874724730005142,0.125,1.0,0.1020408163265306,0.5
0.5,0.6666666666666666,0.0,0.3877551020408163,0.0020068430056586393,0.4375,0.12388028957984798,0.25,1.0,0.24489795918367346,1.0
0.5,0.6666666666666666,0.0,0.7755102040816326,0.0026648243189893407,1.0,0.137557126373838,0.7142857142857142,1.0,0.24489795918367346,0.0
0.5,0.3333333333333333,0.0,0.44897959183673464,0.0020305303329385444,0.4375,0.12530541362927683,0.33928571428571425,0.0,0.3469387755102041,0.5
0.5,0.6666666666666666,0.0,0.44897959183673464,0.0031583103039873666,1.0,0.16267682172217282,0.9821428571428571,1.0,0.9795918367346939,0.5
0.5,0.6666666666666666,0.0,0.44897959183673464,0.0017765495459928938,1.0,0.09234167474683533,0.9821428571428571,0.0,0.9795918367346939,1.0
0.5,0.3333333333333333,0.0,0.02040816326530612,0.0016778523489932886,1.0,0.08731773567716837,0.3214285714285714,1.0,0.32653061224489793,1.0
0.5,0.3333333333333333,0.0,0.44897959183673464,0.005790235557310172,0.9375,0.02899147772469149,0.9464285714285714,0.0,0.9387755102040816,1.0
0.5,0.6666666666666666,0.0,0.16326530612244897,0.0015133570206606133,0.4375,0.09418713503175967,0.6071428571428571,1.0,0.6326530612244897,1.0
0.5,0.0,0.0,0.3469387755102041,0.0035530990919857876,1.0,0.18277257800084068,0.9821428571428571,1.0,0.9795918367346939,1.0
0.5,0.6666666666666666,0.0,0.9795918367346939,0.0031583103039873666,1.0,0.16267682172217282,0.5535714285714285,1.0,0.18367346938775508,1.0
0.5,0.0,0.6666666666666666,0.3469387755102041,0.0018094486116594288,0.4375,0.11200369761915527,0.7142857142857142,1.0,0.7551020408163265,1.0
0.5,0.3333333333333333,0.3333333333333333,0.9999999999999999,0.003322805632320042,1.0,0.1710500535049511,0.9821428571428571,1.0,0.9795918367346939,0.5
0.5,0.0,0.0,0.9795918367346939,0.002171305434925648,1.0,0.11243575637914663,0.23214285714285712,0.0,0.22448979591836732,1.0
0.5,0.3333333333333333,0.0,0.42857142857142855,0.23016186340307934,0.625,0.1537425834099484,0.4821428571428571,0.0,0.5102040816326531,1.0
0.5,0.3333333333333333,0.0,0.5918367346938775,0.0027306224503224107,0.4375,0.16743114272843432,0.9107142857142857,1.0,0.9183673469387754,1.0
0.5,0.0,0.0,0.44897959183673464,0.003454401894986182,1.0,0.1777486389311737,0.9821428571428571,0.0,0.9795918367346939,1.0
0.5,0.0,0.0,0.7755102040816326,0.0012896433741281749,0.4375,0.08072632761776531,0.5357142857142857,0.0,0.5714285714285714,1.0
1.0,0.3333333333333333,0.0,0.3469387755102041,0.0043097776023160944,1.0,0.22128944420162072,0.9821428571428571,1.0,0.9795918367346939,0.5
1.0,0.3333333333333333,0.0,0.24489795918367346,0.0049677589156467954,1.0,0.2547823713327338,0.9821428571428571,1.0,0.9795918367346939,0.5
1.0,0.3333333333333333,0.0,0.24489795918367346,0.0038360310567179894,1.0,0.1971745366672193,0.9821428571428571,1.0,0.9795918367346939,0.5
1.0,0.0,0.0,0.44897959183673464,0.004145282273983419,1.0,0.21291621241884245,0.9821428571428571,1.0,0.9795918367346939,0.5
1.0,0.0,0.0,0.44897959183673464,0.0028293196473220157,1.0,0.14593035815661626,0.9821428571428571,1.0,0.9795918367346939,0.5
1.0,0.0,0.0,0.3469387755102041,0.005461244900644822,1.0,0.2799020666810686,0.9821428571428571,1.0,0.9795918367346939,0.5
1.0,0.0,0.0,0.3469387755102041,0.00480326358731412,1.0,0.24640913954995552,0.9821428571428571,1.0,0.9795918367346939,0.5
1.0,0.3333333333333333,0.0,0.24489795918367346,0.00322739834188709,1.0,0.16619357907093968,0.9821428571428571,1.0,0.9795918367346939,0.5
1.0,0.3333333333333333,0.0,0.24489795918367346,0.002661534412422687,1.0,0.13738966173818243,0.9821428571428571,1.0,0.9795918367346939,0.5
1.0,0.3333333333333333,0.0,0.44897959183673464,0.004363074088695881,1.0,0.2240023712992409,0.9821428571428571,1.0,0.9795918367346939,0.5
1.0,0.3333333333333333,0.0,0.44897959183673464,0.003137254901960784,1.0,0.16160504805397718,0.9821428571428571,1.0,0.9795918367346939,0.5
1.0,0.3333333333333333,0.0,0.44897959183673464,0.0028293196473220157,0.5,0.19246710575894135,0.3571428571428571,1.0,0.36734693877551017,0.5
1.0,0.3333333333333333,0.0,0.44897959183673464,0.0025003289906566652,0.5,0.1705510088906975,0.3571428571428571,1.0,0.36734693877551017,0.5
1.0,0.3333333333333333,0.0,0.44897959183673464,0.00467166732464798,1.0,0.2397105541237329,0.9821428571428571,1.0,0.9795918367346939,0.5
1.0,0.3333333333333333,0.0,0.44897959183673464,0.0039149888143176735,1.0,0.20119368792295286,0.9821428571428571,1.0,0.9795918367346939,0.5
1.0,0.6666666666666666,0.0,0.3469387755102041,0.0011843663639952626,0.5,0.08288159747865244,0.3571428571428571,1.0,0.36734693877551017,0.5
1.0,0.3333333333333333,0.0,0.24489795918367346,0.0031254112383208316,1.0,0.16100217536561717,0.9821428571428571,1.0,0.9795918367346939,0.5
1.0,0.3333333333333333,0.0,0.24489795918367346,0.0036846953546519276,1.0,0.18947116342706327,0.9821428571428571,1.0,0.9795918367346939,0.5
1.0,0.0,0.0,0.24489795918367346,0.0033642584550598762,1.0,0.17316010791421121,0.9821428571428571,1.0,0.9795918367346939,0.5
1.0,0.0,0.0,0.24489795918367346,0.0040301355441505465,1.0,0.20705495017089764,0.9821428571428571,1.0,0.9795918367346939,0.5
1.0,1.0,0.0,0.3469387755102041,0.007829977628635347,1.0,0.40047660435307575,0.9821428571428571,1.0,0.9795918367346939,0.5
1.0,1.0,0.0,0.3469387755102041,0.006448216870640874,1.0,0.33014145737773826,0.9821428571428571,1.0,0.9795918367346939,0.5
1.0,0.0,0.0,0.44897959183673464,0.0015133570206606133,0.5,0.10479769434689629,0.3571428571428571,1.0,0.36734693877551017,0.5
1.0,0.0,0.0,0.44897959183673464,0.0008553757073299119,0.5,0.060963825964052046,0.3571428571428571,1.0,0.36734693877551017,0.5
1.0,0.0,0.0,0.3469387755102041,0.001842347677325964,0.5,0.1267154658614967,0.3571428571428571,1.0,0.36734693877551017,0.5
1.0,0.0,0.0,0.3469387755102041,0.0011843663639952626,0.5,0.08288159747865244,0.3571428571428571,1.0,0.36734693877551017,0.5
1.0,0.3333333333333333,0.0,0.44897959183673464,0.005303987366758784,1.0,0.27189725709673257,0.9821428571428571,1.0,0.9795918367346939,0.5
1.0,0.6666666666666666,0.0,0.3469387755102041,0.0010198710356625871,0.5,0.07192271172135224,0.3571428571428571,1.0,0.36734693877551017,0.5
1.0,0.3333333333333333,0.0,0.44897959183673464,0.0038215554678247133,1.0,0.1964376922703348,0.9821428571428571,1.0,0.9795918367346939,0.5
1.0,0.3333333333333333,0.0,0.24489795918367346,0.002839847348335307,1.0,0.1464662449907141,0.9821428571428571,1.0,0.9795918367346939,0.5
1.0,0.3333333333333333,0.0,0.3469387755102041,0.0058540597447032505,1.0,0.29989734417834313,0.9821428571428571,1.0,0.9795918367346939,0.5
1.0,0.3333333333333333,0.0,0.3469387755102041,0.004221608106329781,1.0,0.21680139196605155,0.9821428571428571,1.0,0.9795918367346939,0.5
1.0,0.3333333333333333,0.0,0.3469387755102041,0.007109817081194895,1.0,0.36381859560807245,0.9821428571428571,1.0,0.9795918367346939,0.5
1.0,0.3333333333333333,0.0,0.3469387755102041,0.005134886169232794,1.0,0.26328957482403653,0.9821428571428571,1.0,0.9795918367346939,0.5
1.0,0.3333333333333333,0.0,0.44897959183673464,0.005790235557310172,1.0,0.29664853024662513,0.9821428571428571,1.0,0.9795918367346939,1.0
1.0,0.3333333333333333,0.0,0.44897959183673464,0.003816291617318068,1.0,0.1961697488532859,0.9821428571428571,1.0,0.9795918367346939,1.0
1.0,0.3333333333333333,0.0,0.24489795918367346,0.00395413870246085,1.0,0.2031865170872541,0.9821428571428571,1.0,0.9795918367346939,0.5
1.0,1.0,0.0,0.24489795918367346,0.004145282273983419,1.0,0.21291621241884245,0.9821428571428571,1.0,0.9795918367346939,0.5
1.0,1.0,0.0,0.24489795918367346,0.003487300960652717,1.0,0.17942328528772936,0.9821428571428571,1.0,0.9795918367346939,0.5
1.0,0.3333333333333333,0.0,0.24489795918367346,0.005461244900644822,1.0,0.2799020666810686,0.9821428571428571,1.0,0.9795918367346939,0.5
1.0,0.0,0.0,0.24489795918367346,0.00366824582181866,1.0,0.18863384024878546,0.9821428571428571,1.0,0.9795918367346939,0.5
1.0,0.3333333333333333,0.0,0.24489795918367346,0.0035827082510856687,1.0,0.18427975972174077,0.9821428571428571,1.0,0.9795918367346939,0.5
1.0,0.3333333333333333,0.0,0.24489795918367346,0.002839847348335307,1.0,0.1464662449907141,0.9821428571428571,1.0,0.9795918367346939,0.5
1.0,0.3333333333333333,0.0,0.24489795918367346,0.0035827082510856687,1.0,0.18427975972174077,0.9821428571428571,1.0,0.9795918367346939,0.5
1.0,0.3333333333333333,0.0,0.24489795918367346,0.002839847348335307,1.0,0.1464662449907141,0.9821428571428571,1.0,0.9795918367346939,0.5
1.0,0.3333333333333333,0.0,0.3469387755102041,0.005309909198578761,1.0,0.27219869344091263,0.9821428571428571,1.0,0.9795918367346939,0.5
1.0,0.3333333333333333,0.0,0.3469387755102041,0.004221608106329781,1.0,0.21680139196605155,0.9821428571428571,1.0,0.9795918367346939,0.5
1.0,0.0,0.0,0.24489795918367346,0.005362547703645216,1.0,0.2748781276114017,0.9821428571428571,1.0,0.9795918367346939,0.5
1.0,0.3333333333333333,0.0,0.3469387755102041,0.007892485853401764,1.0,0.40365843243053146,0.9821428571428571,1.0,0.9795918367346939,0.5
1.0,0.3333333333333333,0.0,0.24489795918367346,0.004362416107382551,1.0,0.22396887837210977,0.9821428571428571,1.0,0.9795918367346939,0.5
1.0,0.3333333333333333,0.0,0.24489795918367346,0.003463613633372812,1.0,0.17821753991100928,0.9821428571428571,1.0,0.9795918367346939,0.5
1.0,0.3333333333333333,0.0,0.3469387755102041,0.004108270825108567,1.0,0.21103223526771733,0.9821428571428571,1.0,0.9795918367346939,0.5
1.0,0.3333333333333333,0.0,0.3469387755102041,0.0029510461902881955,1.0,0.1521265496758722,0.9821428571428571,1.0,0.9795918367346939,0.5
1.0,1.0,0.0,0.6122448979591836,0.007237794446637716,1.0,0.370332969935074,0.9821428571428571,1.0,0.9795918367346939,0.5
1.0,1.0,0.0,0.6122448979591836,0.005391334386103435,1.0,0.2763434431733878,0.9821428571428571,1.0,0.9795918367346939,0.5
1.0,1.0,0.0,0.04081632653061224,0.005625740228977497,1.0,0.28827529846384686,0.9821428571428571,1.0,0.9795918367346939,0.5
1.0,0.3333333333333333,0.0,0.3469387755102041,0.005020397420713252,1.0,0.25746180550322284,0.9821428571428571,1.0,0.9795918367346939,0.5
1.0,0.3333333333333333,0.0,0.3469387755102041,0.0034478220818528753,1.0,0.17741370965986258,0.9821428571428571,1.0,0.9795918367346939,0.5
1.0,0.3333333333333333,0.0,0.44897959183673464,0.0030119094617712854,1.0,0.15522464543550016,0.9821428571428571,1.0,0.9795918367346939,0.5
1.0,0.3333333333333333,0.0,0.3469387755102041,0.0035859981576523226,1.0,0.18444722435739633,0.9821428571428571,1.0,0.9795918367346939,1.0
1.0,0.3333333333333333,0.0,0.24489795918367346,0.0043097776023160944,1.0,0.22128944420162072,0.9821428571428571,1.0,0.9795918367346939,0.5
1.0,0.3333333333333333,0.0,0.42857142857142855,0.005176404790103961,1.0,0.26540297852600975,0.9821428571428571,1.0,0.9795918367346939,0.5
1.0,0.3333333333333333,0.0,0.42857142857142855,0.004380214501908146,1.0,0.22487486205100637,0.9821428571428571,1.0,0.9795918367346939,0.5
1.0,0.3333333333333333,0.0,0.44897959183673464,0.005362547703645216,1.0,0.2748781276114017,0.9821428571428571,1.0,0.9795918367346939,0.5
1.0,0.3333333333333333,0.0,0.44897959183673464,0.0039149888143176735,1.0,0.20119368792295286,0.9821428571428571,1.0,0.9795918367346939,0.5
1.0,0.3333333333333333,0.0,0.3469387755102041,0.001842347677325964,0.5,0.1267154658614967,0.3571428571428571,1.0,0.36734693877551017,0.5
1.0,0.3333333333333333,0.0,0.3469387755102041,0.0015133570206606133,0.5,0.10479769434689629,0.3571428571428571,1.0,0.36734693877551017,0.5
1.0,0.3333333333333333,0.0,0.44897959183673464,0.00480326358731412,1.0,0.24640913954995552,0.9821428571428571,1.0,0.9795918367346939,0.5
1.0,0.3333333333333333,0.0,0.44897959183673464,0.006826556125806027,1.0,0.34939989047812825,0.9821428571428571,1.0,0.9795918367346939,0.5
1.0,0.3333333333333333,0.0,0.32653061224489793,0.006198183971575208,1.0,0.31741414506791527,0.14285714285714285,1.0,0.12244897959183673,0.5
1.0,0.3333333333333333,0.0,0.32653061224489793,0.0028523489932885905,1.0,0.14710261060620522,0.14285714285714285,1.0,0.12244897959183673,0.5
1.0,0.3333333333333333,0.0,0.24489795918367346,0.004145282273983419,1.0,0.21291621241884245,0.14285714285714285,1.0,0.12244897959183673,0.5
1.0,0.3333333333333333,0.0,0.24489795918367346,0.0018851164626924597,1.0,0.097868007723469,0.14285714285714285,1.0,0.12244897959183673,0.5
1.0,0.3333333333333333,0.0,0.24489795918367346,0.004145282273983419,1.0,0.21291621241884245,0.14285714285714285,1.0,0.12244897959183673,0.5
1.0,0.3333333333333333,0.0,0.24489795918367346,0.0018851164626924597,1.0,0.097868007723469,0.14285714285714285,1.0,0.12244897959183673,0.5
1.0,0.3333333333333333,0.0,0.3469387755102041,0.005132254243979471,1.0,0.26315560311551206,0.9821428571428571,1.0,0.9795918367346939,1.0
1.0,0.3333333333333333,0.0,0.44897959183673464,0.004428214238715621,1.0,0.22731817108522107,0.9821428571428571,1.0,0.9795918367346939,0.5
1.0,0.3333333333333333,0.0,0.3469387755102041,0.0043426766679826295,1.0,0.22296409055817637,0.9821428571428571,1.0,0.9795918367346939,0.5
1.0,0.0,0.0,0.24489795918367346,0.0017765495459928938,1.0,0.09234167474683533,0.9821428571428571,1.0,0.9795918367346939,0.0
1.0,1.0,0.0,0.04081632653061224,0.0043097776023160944,1.0,0.22128944420162072,0.9821428571428571,1.0,0.9795918367346939,0.5
1.0,0.3333333333333333,0.0,0.44897959183673464,0.005461244900644822,1.0,0.2799020666810686,0.9821428571428571,1.0,0.9795918367346939,0.5
1.0,0.3333333333333333,0.0,0.44897959183673464,0.0039149888143176735,1.0,0.20119368792295286,0.9821428571428571,1.0,0.9795918367346939,0.5
1.0,0.3333333333333333,0.0,0.7755102040816326,0.006107711540992236,1.0,0.31280886758738724,0.9821428571428571,1.0,0.9795918367346939,0.5
1.0,0.3333333333333333,0.0,0.7755102040816326,0.005296617976049481,1.0,0.27152213631286415,0.9821428571428571,1.0,0.9795918367346939,0.5
1.0,0.0,0.0,0.5306122448979591,0.0015133570206606133,0.4375,0.08724572588383647,0.375,1.0,0.3877551020408163,0.5
1.0,0.0,0.0,0.5306122448979591,0.0015133570206606133,0.4375,0.08724572588383647,0.375,1.0,0.3877551020408163,0.5
1.0,1.0,0.0,0.673469387755102,0.00480326358731412,0.125,0.1931336150088505,0.14285714285714285,1.0,0.12244897959183673,0.0
1.0,0.3333333333333333,0.0,0.24489795918367346,0.004211080405316489,1.0,0.21626550513195375,0.9821428571428571,1.0,0.9795918367346939,0.5
1.0,0.3333333333333333,0.0,0.3469387755102041,0.005309909198578761,1.0,0.27219869344091263,0.9821428571428571,1.0,0.9795918367346939,0.5
1.0,0.3333333333333333,0.0,0.32653061224489793,0.0067369061718647195,1.0,0.3448364791565141,0.9821428571428571,1.0,0.9795918367346939,0.5
1.0,0.3333333333333333,0.0,0.32653061224489793,0.0047308856428477436,1.0,0.24272491756553308,0.9821428571428571,1.0,0.9795918367346939,0.5
1.0,0.3333333333333333,0.0,0.3469387755102041,0.004375378339255166,1.0,0.2246286890365927,0.9821428571428571,1.0,0.9795918367346939,0.5
1.0,0.3333333333333333,0.0,0.3469387755102041,0.0032099618370838266,1.0,0.1653060165019652,0.9821428571428571,1.0,0.9795918367346939,0.5
1.0,0.3333333333333333,0.0,0.24489795918367346,0.004108270825108567,1.0,0.21103223526771733,0.9821428571428571,1.0,0.9795918367346939,0.5
1.0,0.3333333333333333,0.0,0.24489795918367346,0.0029510461902881955,1.0,0.1521265496758722,0.9821428571428571,1.0,0.9795918367346939,0.5
1.0,1.0,0.0,0.6326530612244897,0.19726279773654426,0.625,0.12757455944240975,0.4821428571428571,0.0,0.5102040816326531,1.0
1.0,0.3333333333333333,0.0,0.3469387755102041,0.004221608106329781,1.0,0.21680139196605155,0.9821428571428571,1.0,0.9795918367346939,0.5
1.0,0.6666666666666666,0.0,0.7755102040816326,0.0008060271088301093,0.5,0.05767649516613329,0.3571428571428571,1.0,0.36734693877551017,1.0
1.0,0.3333333333333333,0.0,0.24489795918367346,0.005263850506645611,1.0,0.2698541885417347,0.9821428571428571,1.0,0.9795918367346939,0.5
1.0,0.3333333333333333,0.0,0.3469387755102041,0.0049677589156467954,1.0,0.2547823713327338,0.9821428571428571,1.0,0.9795918367346939,0.5
1.0,0.0,0.0,0.7755102040816326,0.002993814975654691,0.5,0.20342599151624155,0.3571428571428571,1.0,0.36734693877551017,0.5
1.0,0.0,0.0,0.7755102040816326,0.0023358336623239898,0.5,0.1595921231333973,0.3571428571428571,1.0,0.36734693877551017,0.5
1.0,0.0,0.0,0.02040816326530612,0.003816291617318068,1.0,0.1961697488532859,0.9821428571428571,1.0,0.9795918367346939,0.5
1.0,0.3333333333333333,0.0,0.24489795918367346,0.0035827082510856687,1.0,0.18427975972174077,0.9821428571428571,1.0,0.9795918367346939,0.5
1.0,0.3333333333333333,0.0,0.24489795918367346,0.002839847348335307,1.0,0.1464662449907141,0.9821428571428571,1.0,0.9795918367346939,0.5
1.0,0.3333333333333333,0.0,0.3061224489795918,0.004638768258981445,1.0,0.23803590776717726,0.9821428571428571,1.0,0.9795918367346939,0.5
1.0,0.3333333333333333,0.0,0.3061224489795918,0.0033359652585866558,1.0,0.17171991204757334,0.9821428571428571,1.0,0.9795918367346939,0.5
1.0,0.0,0.0,0.7755102040816326,0.0025003289906566652,0.4375,0.14246718949125917,0.33928571428571425,1.0,0.24489795918367346,0.5
1.0,0.0,0.0,0.3469387755102041,0.0028293196473220157,0.5,0.19246710575894135,0.3571428571428571,1.0,0.36734693877551017,0.5
1.0,0.3333333333333333,0.0,0.44897959183673464,0.00695157257533886,1.0,0.3557635466330398,0.9821428571428571,1.0,0.9795918367346939,1.0
1.0,0.3333333333333333,0.0,0.44897959183673464,0.005073035925779708,1.0,0.2601412396737119,0.9821428571428571,1.0,0.9795918367346939,1.0
1.0,0.3333333333333333,0.0,0.3469387755102041,0.0067475983682063435,1.0,0.3453807392223947,0.9821428571428571,1.0,0.9795918367346939,1.0
1.0,0.3333333333333333,0.0,0.3469387755102041,0.004954599289380182,1.0,0.25411251279011154,0.9821428571428571,1.0,0.9795918367346939,1.0
1.0,0.3333333333333333,0.0,0.24489795918367346,0.0036825240163179365,1.0,0.18936063676753062,0.9821428571428571,1.0,0.9795918367346939,0.5
1.0,0.3333333333333333,0.0,0.24489795918367346,0.0025551388340571126,1.0,0.13197385542108145,0.9821428571428571,1.0,0.9795918367346939,0.5
1.0,0.3333333333333333,0.0,0.3469387755102041,0.005625740228977497,1.0,0.28827529846384686,0.9821428571428571,1.0,0.9795918367346939,0.5
1.0,0.0,0.0,0.3469387755102041,0.0023358336623239898,0.5,0.1595921231333973,0.3571428571428571,1.0,0.36734693877551017,0.5
1.0,0.0,0.0,0.24489795918367346,0.0017765495459928938,1.0,0.09234167474683533,0.9821428571428571,1.0,0.9795918367346939,0.0
1.0,0.3333333333333333,0.0,0.3469387755102041,0.005908672193709699,1.0,0.30267725713022553,0.9821428571428571,1.0,0.9795918367346939,1.0
1.0,0.0,0.0,0.24489795918367346,0.0011843663639952626,0.5,0.08288159747865244,0.3571428571428571,1.0,0.36734693877551017,0.5
1.0,0.3333333333333333,0.0,0.44897959183673464,0.005790235557310172,1.0,0.29664853024662513,0.9821428571428571,1.0,0.9795918367346939,0.5
1.0,0.0,0.0,0.44897959183673464,0.0016778523489932886,0.5,0.1157565801041965,0.3571428571428571,1.0,0.36734693877551017,0.5
1.0,0.0,0.0,0.44897959183673464,0.0010198710356625871,0.5,0.07192271172135224,0.3571428571428571,1.0,0.36734693877551017,0.5
1.0,0.0,0.0,0.3469387755102041,0.001842347677325964,0.4375,0.10565343863509623,0.375,1.0,0.3877551020408163,0.5
1.0,0.0,0.0,0.3469387755102041,0.0013488616923279378,0.4375,0.0780418695082066,0.375,1.0,0.3877551020408163,0.5
1.0,0.0,0.0,0.3469387755102041,0.001842347677325964,0.5,0.1267154658614967,0.3571428571428571,1.0,0.36734693877551017,0.5
1.0,0.0,0.0,0.3469387755102041,0.0013488616923279378,0.5,0.09383880858959609,0.3571428571428571,1.0,0.36734693877551017,0.5
1.0,0.3333333333333333,0.0,0.44897959183673464,0.008422160810632979,1.0,0.4306202387710775,0.9821428571428571,1.0,0.9795918367346939,0.5
1.0,0.3333333333333333,0.0,0.4081632653061224,0.001842347677325964,1.0,0.09569096745994664,0.017857142857142856,1.0,0.6938775510204082,1.0
1.0,0.0,0.0,0.3469387755102041,0.0019706540334254504,1.0,0.1022220882505137,0.9821428571428571,1.0,0.9795918367346939,0.5
1.0,0.0,0.0,0.836734693877551,0.005132254243979471,1.0,0.26315560311551206,0.9821428571428571,1.0,0.9795918367346939,1.0
1.0,0.0,0.0,0.836734693877551,0.003562968811685748,1.0,0.18327497190780737,0.9821428571428571,1.0,0.9795918367346939,1.0
1.0,0.0,0.0,0.42857142857142855,0.007797078562968811,1.0,0.3988019579965201,0.9821428571428571,1.0,0.9795918367346939,0.5
1.0,0.0,0.0,0.42857142857142855,0.005099355178312936,1.0,0.26148095675895644,0.9821428571428571,1.0,0.9795918367346939,0.5
1.0,0.3333333333333333,0.0,0.44897959183673464,0.005790235557310172,1.0,0.29664853024662513,0.9821428571428571,1.0,0.9795918367346939,0.5
1.0,0.3333333333333333,0.0,0.44897959183673464,0.0025003289906566652,1.0,0.12918389459105972,0.9821428571428571,1.0,0.9795918367346939,0.5
1.0,0.0,0.0,0.3469387755102041,0.002595736281089617,1.0,0.13404036902507113,0.9821428571428571,1.0,0.9795918367346939,0.5
1.0,0.3333333333333333,0.0,0.3469387755102041,0.003184629556520595,1.0,0.16401653880741734,0.9821428571428571,1.0,0.9795918367346939,1.0
1.0,0.0,0.0,0.3469387755102041,0.0013488616923279378,0.4375,0.0780418695082066,0.3214285714285714,1.0,0.32653061224489793,0.5
1.0,0.3333333333333333,0.0,0.44897959183673464,0.004487432556915384,1.0,0.23033253452702124,0.9821428571428571,1.0,0.9795918367346939,1.0
1.0,0.0,0.0,0.24489795918367346,0.0008553757073299119,0.5,0.060963825964052046,0.3571428571428571,1.0,0.36734693877551017,0.5
1.0,0.0,0.0,0.24489795918367346,0.0011843663639952626,0.4375,0.06883968777893328,0.3214285714285714,1.0,0.32653061224489793,0.5
1.0,0.0,0.0,0.24489795918367346,0.0008553757073299119,0.4375,0.05043197502767353,0.3214285714285714,1.0,0.32653061224489793,0.5
1.0,0.0,0.0,0.3469387755102041,0.0025003289906566652,0.4375,0.14246718949125917,0.3214285714285714,1.0,0.32653061224489793,0.5
1.0,0.0,0.0,0.3469387755102041,0.0021713383339913143,0.4375,0.12405947673999942,0.3214285714285714,1.0,0.32653061224489793,0.5
1.0,0.0,0.0,0.3469387755102041,0.0025003289906566652,0.5,0.1705510088906975,0.3571428571428571,1.0,0.36734693877551017,0.5
1.0,0.0,0.0,0.3469387755102041,0.0021713383339913143,0.5,0.1486332373760971,0.3571428571428571,1.0,0.36734693877551017,0.5
1.0,0.0,0.0,0.3469387755102041,0.001842347677325964,0.4375,0.10565343863509623,0.3214285714285714,1.0,0.32653061224489793,0.5
1.0,0.0,0.0,0.3469387755102041,0.0025003289906566652,0.4375,0.14246718949125917,0.375,1.0,0.3877551020408163,0.5
1.0,0.3333333333333333,0.0,0.7755102040816326,0.006107711540992236,1.0,0.31280886758738724,0.9821428571428571,1.0,0.9795918367346939,0.5
1.0,0.3333333333333333,0.0,0.7755102040816326,0.005296617976049481,1.0,0.27152213631286415,0.9821428571428571,1.0,0.9795918367346939,0.5
1.0,0.0,0.0,0.24489795918367346,0.0011843663639952626,0.4375,0.06883968777893328,0.375,1.0,0.3877551020408163,0.5
1.0,0.0,0.0,0.24489795918367346,0.0008553757073299119,0.4375,0.05043197502767353,0.375,1.0,0.3877551020408163,0.5
1.0,0.0,0.0,0.3469387755102041,0.0023358336623239898,0.5,0.1595921231333973,0.3571428571428571,1.0,0.36734693877551017,0.5
1.0,0.0,0.0,0.3469387755102041,0.001842347677325964,0.5,0.1267154658614967,0.3571428571428571,1.0,0.36734693877551017,0.5
1.0,0.3333333333333333,0.0,0.44897959183673464,0.00695157257533886,1.0,0.3557635466330398,0.9821428571428571,1.0,0.9795918367346939,1.0
1.0,0.0,0.0,0.3469387755102041,0.0021713383339913143,0.4375,0.12405947673999942,0.375,1.0,0.3877551020408163,0.5
1.0,0.3333333333333333,0.0,0.3469387755102041,0.0067475983682063435,1.0,0.3453807392223947,0.9821428571428571,1.0,0.9795918367346939,1.0
1.0,0.3333333333333333,0.0,0.3469387755102041,0.004954599289380182,1.0,0.25411251279011154,0.9821428571428571,1.0,0.9795918367346939,1.0
1.0,0.3333333333333333,0.0,0.3469387755102041,0.005790235557310172,1.0,0.29664853024662513,0.9821428571428571,1.0,0.9795918367346939,0.5
1.0,0.6666666666666666,0.0,0.7346938775510203,0.0005263850506645612,0.4375,0.03202593692277033,0.8214285714285714,1.0,0.836734693877551,1.0
1.0,0.3333333333333333,0.0,0.3469387755102041,0.0025003289906566652,1.0,0.12918389459105972,0.9821428571428571,1.0,0.9795918367346939,0.5
1.0,0.0,0.0,0.7551020408163265,0.0031583103039873666,0.125,0.12715924714598395,0.14285714285714285,1.0,0.12244897959183673,0.5
1.0,1.0,0.0,0.5102040816326531,0.008093170153967627,0.125,0.32508235073458364,0.14285714285714285,0.0,0.12244897959183673,1.0
1.0,0.0,0.0,0.7755102040816326,0.003816291617318068,1.0,0.1961697488532859,0.9821428571428571,1.0,0.9795918367346939,0.0
1.0,0.6666666666666666,0.0,0.2040816326530612,0.0039807869456507435,1.0,0.20454298063606416,0.9821428571428571,1.0,0.9795918367346939,0.5
1.0,0.0,0.0,0.8775510204081632,0.007764179497302277,0.3125,0.05756931779931373,0.9821428571428571,0.0,0.9795918367346939,1.0
1.0,0.3333333333333333,0.0,0.3469387755102041,0.003322805632320042,1.0,0.1710500535049511,0.9821428571428571,1.0,0.9795918367346939,0.5
1.0,0.3333333333333333,0.0,0.7142857142857142,0.0025003289906566652,0.4375,0.14246718949125917,0.25,1.0,0.24489795918367346,0.5
1.0,0.0,0.0,0.16326530612244897,0.045927095670482955,0.625,0.02609601417420676,0.4821428571428571,1.0,0.5102040816326531,0.5
1.0,0.0,0.0,0.44897959183673464,0.07882616133701803,0.625,0.0481561306291144,0.4821428571428571,1.0,0.5102040816326531,1.0
1.0,0.0,0.0,0.7959183673469387,0.0016120542176602185,0.4375,0.09276870956775703,0.8214285714285714,0.0,0.836734693877551,1.0
1.0,0.6666666666666666,0.0,0.5714285714285714,0.0031583103039873666,1.0,0.16267682172217282,0.9821428571428571,0.0,0.9795918367346939,1.0
1.0,0.0,0.6666666666666666,0.3469387755102041,0.0015133570206606133,0.4375,0.08724572588383647,0.25,0.0,0.24489795918367346,1.0
1.0,0.6666666666666666,0.0,0.44897959183673464,0.045927095670482955,0.625,0.02609601417420676,0.4821428571428571,1.0,0.5102040816326531,0.5
1.0,0.3333333333333333,0.0,0.9387755102040816,0.00473746545598105,0.4375,0.2676336074729419,0.25,1.0,0.24489795918367346,0.5
1.0,0.6666666666666666,0.0,0.3469387755102041,0.003816291617318068,1.0,0.1961697488532859,0.9821428571428571,1.0,0.9795918367346939,0.5
1.0,0.3333333333333333,0.0,0.9795918367346939,0.00460586919331491,1.0,0.2363612614106216,0.9821428571428571,0.0,0.9795918367346939,1.0
1.0,0.3333333333333333,0.0,0.44897959183673464,0.003319186735096723,1.0,0.17086584240572997,0.9821428571428571,1.0,0.9795918367346939,0.5
1.0,0.3333333333333333,0.0,0.3469387755102041,0.0031583103039873666,1.0,0.16267682172217282,0.9821428571428571,1.0,0.9795918367346939,0.5
1.0,0.3333333333333333,0.0,0.44897959183673464,0.0044742729306487695,1.0,0.229662675984399,0.9821428571428571,1.0,0.9795918367346939,0.5
1.0,0.0,0.0,0.24489795918367346,0.0043097776023160944,1.0,0.22128944420162072,0.9821428571428571,1.0,0.9795918367346939,0.5
1.0,0.0,0.0,0.24489795918367346,0.0015133570206606133,1.0,0.0789445038943901,0.9821428571428571,1.0,0.9795918367346939,0.5
1.0,0.3333333333333333,0.0,0.44897959183673464,0.007106198183971575,1.0,0.3636343845088513,0.9821428571428571,1.0,0.9795918367346939,0.5
1.0,0.3333333333333333,0.0,0.44897959183673464,0.0044742729306487695,1.0,0.229662675984399,0.9821428571428571,1.0,0.9795918367346939,0.5
1.0,0.0,0.0,0.44897959183673464,0.0044742729306487695,0.5,0.3020542886855868,0.3571428571428571,1.0,0.36734693877551017,0.5
1.0,0.0,0.0,0.44897959183673464,0.0021713383339913143,0.5,0.1486332373760971,0.3571428571428571,1.0,0.36734693877551017,0.5
1.0,0.3333333333333333,0.0,0.44897959183673464,0.005958020792209502,1.0,0.305189226665059,0.9821428571428571,1.0,0.9795918367346939,0.5
1.0,0.3333333333333333,0.0,0.7755102040816326,0.007106198183971575,1.0,0.3636343845088513,0.9821428571428571,1.0,0.9795918367346939,0.5
1.0,0.0,0.0,0.44897959183673464,0.006448216870640874,1.0,0.33014145737773826,0.9821428571428571,1.0,0.9795918367346939,0.5
1.0,0.0,0.0,0.44897959183673464,0.003816291617318068,1.0,0.1961697488532859,0.9821428571428571,1.0,0.9795918367346939,0.5
1.0,0.3333333333333333,0.0,0.7755102040816326,0.003816291617318068,1.0,0.1961697488532859,0.0,1.0,0.0,0.0
1.0,0.3333333333333333,0.0,0.7755102040816326,0.0020068430056586393,1.0,0.10406419924272492,0.0,1.0,0.0,0.0
1.0,1.0,0.0,0.3469387755102041,0.010527701013291223,1.0,0.5377976055906393,0.9821428571428571,1.0,0.9795918367346939,0.5
1.0,1.0,0.0,0.3469387755102041,0.006974601921305435,1.0,0.35693579908262874,0.9821428571428571,1.0,0.9795918367346939,0.5
1.0,0.3333333333333333,0.0,0.3469387755102041,0.006777207527306225,1.0,0.3468879209432948,0.9821428571428571,1.0,0.9795918367346939,0.5
1.0,0.3333333333333333,0.0,0.7755102040816326,0.003816291617318068,1.0,0.1961697488532859,0.9821428571428571,1.0,0.9795918367346939,0.5
1.0,0.3333333333333333,0.0,0.44897959183673464,0.007435188840636926,1.0,0.38038084807440786,0.9821428571428571,1.0,0.9795918367346939,0.5
1.0,0.6666666666666666,0.6666666666666666,0.44897959183673464,0.0031583103039873666,1.0,0.16267682172217282,0.2857142857142857,0.0,0.2857142857142857,0.5
1.0,0.0,1.0,0.44897959183673464,0.0031583103039873666,1.0,0.16267682172217282,0.14285714285714285,1.0,0.9795918367346939,0.5
1.0,0.6666666666666666,0.3333333333333333,0.08163265306122448,0.0008224766416633768,0.4375,0.04859153868181887,0.9285714285714285,1.0,0.22448979591836732,0.5
1.0,0.3333333333333333,0.0,0.5918367346938775,0.006448216870640874,1.0,0.33014145737773826,0.6785714285714285,1.0,0.9795918367346939,0.5
1.0,0.0,0.0,0.8979591836734693,0.0023358336623239898,1.0,0.12081066280828145,0.14285714285714285,1.0,0.12244897959183673,0.0
1.0,0.0,0.0,0.44897959183673464,0.00480326358731412,0.8125,0.05481284989642312,0.7857142857142857,1.0,0.8163265306122448,1.0
1.0,0.3333333333333333,0.0,0.7551020408163265,0.0031583103039873666,0.125,0.12715924714598395,0.14285714285714285,1.0,0.12244897959183673,0.5
1.0,0.3333333333333333,0.0,0.44897959183673464,0.0031583103039873666,1.0,0.16267682172217282,0.125,1.0,0.9795918367346939,0.5
1.0,0.0,0.0,0.836734693877551,0.004901960784313725,1.0,0.2514330786196225,0.9821428571428571,0.0,0.9795918367346939,0.5
1.0,0.6666666666666666,0.0,0.3469387755102041,0.0016054744045269115,0.4375,0.09240028736931478,0.7678571428571428,1.0,0.24489795918367346,0.5
1.0,0.3333333333333333,0.0,0.44897959183673464,0.005296749572312146,1.0,0.2715288348982903,0.9821428571428571,1.0,0.9795918367346939,0.5
1.0,0.3333333333333333,0.0,0.9795918367346939,0.0026648243189893407,0.4375,0.1516693712205325,0.33928571428571425,0.0,0.3469387755102041,1.0
1.0,0.6666666666666666,0.0,0.44897959183673464,0.0020561916041584418,0.125,0.08295695656469745,0.14285714285714285,1.0,0.12244897959183673,1.0
1.0,0.3333333333333333,0.0,0.7755102040816326,0.0017436504803263588,0.4375,0.10013045495117569,0.7142857142857142,1.0,0.7551020408163265,1.0
1.0,0.0,0.0,0.5918367346938775,0.0008553757073299119,0.4375,0.05043197502767353,0.30357142857142855,1.0,0.3061224489795918,0.0
1.0,0.6666666666666666,0.0,0.44897959183673464,0.0011843663639952626,1.0,0.062198040328833554,0.5714285714285714,1.0,0.7142857142857142,1.0
1.0,0.0,0.0,0.7755102040816326,0.003849190682984603,0.0,0.14161814378848547,0.05357142857142857,1.0,0.061224489795918366,1.0
1.0,0.3333333333333333,0.0,0.3469387755102041,0.0036517962889853926,1.0,0.18779651707050762,0.9821428571428571,1.0,0.9795918367346939,0.5
1.0,0.6666666666666666,0.0,0.44897959183673464,0.003816291617318068,0.0,0.14040904911905228,0.05357142857142857,0.0,0.061224489795918366,0.5
1.0,0.0,0.0,0.08163265306122448,0.0023358336623239898,1.0,0.12081066280828145,0.10714285714285714,1.0,0.9795918367346939,1.0
1.0,0.0,0.0,0.9795918367346939,0.0018094486116594288,0.4375,0.103811327642885,0.03571428571428571,1.0,0.04081632653061224,1.0
1.0,0.6666666666666666,0.0,0.9795918367346939,0.003816291617318068,1.0,0.1961697488532859,0.9821428571428571,1.0,0.9795918367346939,1.0
1.0,0.0,0.0,0.061224489795918366,0.005033557046979866,1.0,0.2581316640458451,0.9821428571428571,1.0,0.9795918367346939,1.0
1.0,0.6666666666666666,0.0,0.22448979591836732,0.00480326358731412,1.0,0.24640913954995552,0.05357142857142857,1.0,0.061224489795918366,0.0
1.0,0.0,0.0,0.16326530612244897,0.0028293196473220157,0.125,0.11396470850268194,0.14285714285714285,0.0,0.12244897959183673,1.0
1.0,0.6666666666666666,0.0,0.3469387755102041,0.0020068430056586393,1.0,0.10406419924272492,0.9821428571428571,1.0,0.9795918367346939,0.0
1.0,0.3333333333333333,0.0,0.7755102040816326,0.0020068430056586393,0.4375,0.11485562036436955,0.46428571428571425,1.0,0.4693877551020408,0.0
1.0,0.6666666666666666,0.0,0.26530612244897955,0.0005263850506645612,1.0,0.02870511319772047,0.7678571428571428,1.0,0.7959183673469387,0.5
1.0,0.0,0.0,0.44897959183673464,0.001447558889327543,1.0,0.07559521118127879,0.875,1.0,0.9795918367346939,0.0
1.0,0.3333333333333333,0.0,0.42857142857142855,0.004885511251480458,1.0,0.25059575544134466,0.9821428571428571,1.0,0.9795918367346939,0.5
1.0,0.0,0.0,0.3469387755102041,0.001908145808659034,0.4375,0.10933431132680556,0.33928571428571425,1.0,0.3469387755102041,0.5
1.0,0.0,0.0,0.44897959183673464,0.0036517962889853926,0.1875,0.20009846920576546,0.1607142857142857,1.0,0.14285714285714285,1.0
1.0,0.3333333333333333,0.0,0.061224489795918366,0.012370048690617187,1.0,0.631577801557756,0.9821428571428571,1.0,0.9795918367346939,1.0
1.0,0.0,0.0,0.44897959183673464,0.0027635215159889457,0.125,0.11132546584475023,0.14285714285714285,1.0,0.12244897959183673,0.5
1.0,0.6666666666666666,0.0,0.2040816326530612,0.00019739439399921044,1.0,0.011958649632163927,0.8214285714285714,1.0,0.6326530612244897,0.5
1.0,0.0,0.0,0.24489795918367346,0.0005263850506645612,1.0,0.02870511319772047,0.375,1.0,0.3877551020408163,0.0
1.0,0.3333333333333333,0.0,0.2857142857142857,0.013192525332280563,1.0,0.6734439604716473,0.9821428571428571,1.0,0.9795918367346939,1.0
1.0,0.0,0.0,0.44897959183673464,0.0043097776023160944,1.0,0.22128944420162072,0.9821428571428571,1.0,0.9795918367346939,1.0
1.0,0.3333333333333333,0.0,0.061224489795918366,0.005691538360310567,1.0,0.2916245911769582,0.9821428571428571,1.0,0.9795918367346939,1.0
1.0,0.0,0.0,0.44897959183673464,0.002434530859323595,1.0,0.12583460187794843,0.9821428571428571,1.0,0.9795918367346939,0.5
1.0,0.3333333333333333,0.0,0.24489795918367346,0.0043097776023160944,1.0,0.22128944420162072,0.9821428571428571,1.0,0.9795918367346939,0.5
1.0,0.3333333333333333,0.0,0.24489795918367346,0.0031583103039873666,1.0,0.16267682172217282,0.9821428571428571,1.0,0.9795918367346939,0.5
1.0,0.3333333333333333,0.0,0.24489795918367346,0.002839847348335307,1.0,0.1464662449907141,0.9821428571428571,1.0,0.9795918367346939,0.5
1.0,0.0,0.0,0.24489795918367346,0.0026648243189893407,1.0,0.137557126373838,0.14285714285714285,1.0,0.12244897959183673,0.5
1.0,0.0,0.0,0.24489795918367346,0.0023358336623239898,1.0,0.12081066280828145,0.14285714285714285,1.0,0.12244897959183673,0.5
1.0,0.3333333333333333,0.0,0.7755102040816326,0.006908803789972365,1.0,0.3535865063695174,0.9821428571428571,1.0,0.9795918367346939,0.5
1.0,0.3333333333333333,0.0,0.7755102040816326,0.006204763784708515,1.0,0.3177490743392264,0.9821428571428571,1.0,0.9795918367346939,0.5
1.0,0.3333333333333333,0.0,0.32653061224489793,0.008632714830898803,1.0,0.4413379754530337,0.9821428571428571,1.0,0.9795918367346939,0.5
1.0,0.3333333333333333,0.0,0.32653061224489793,0.006879852612185814,1.0,0.3521128175757484,0.9821428571428571,1.0,0.9795918367346939,0.5
1.0,0.3333333333333333,0.0,0.24489795918367346,0.0035827082510856687,1.0,0.18427975972174077,0.9821428571428571,1.0,0.9795918367346939,0.5
1.0,0.3333333333333333,0.0,0.3469387755102041,0.0049677589156467954,1.0,0.2547823713327338,0.9821428571428571,1.0,0.9795918367346939,0.5
1.0,0.0,0.0,0.44897959183673464,0.004517041716015266,1.0,0.23183971624792132,0.9821428571428571,1.0,0.9795918367346939,0.5
1.0,0.0,0.0,0.44897959183673464,0.00322739834188709,1.0,0.16619357907093968,0.9821428571428571,1.0,0.9795918367346939,0.5
1.0,0.3333333333333333,0.0,0.24489795918367346,0.0036825240163179365,1.0,0.18936063676753062,0.9821428571428571,1.0,0.9795918367346939,0.5
1.0,0.3333333333333333,0.0,0.24489795918367346,0.0025551388340571126,1.0,0.13197385542108145,0.9821428571428571,1.0,0.9795918367346939,0.5
1.0,0.0,0.0,0.3469387755102041,0.006668607711540993,1.0,0.3413599133203046,0.9821428571428571,1.0,0.9795918367346939,0.5
1.0,0.0,0.0,0.3469387755102041,0.003128701144887485,1.0,0.16116964000127273,0.9821428571428571,1.0,0.9795918367346939,0.5
1.0,0.3333333333333333,0.0,0.3469387755102041,0.004145282273983419,1.0,0.21291621241884245,0.9821428571428571,1.0,0.9795918367346939,0.5
1.0,0.3333333333333333,0.0,0.3469387755102041,0.0036517962889853926,1.0,0.18779651707050762,0.9821428571428571,1.0,0.9795918367346939,0.5
1.0,0.3333333333333333,0.0,0.3469387755102041,0.0035037504934859846,1.0,0.1802606084660072,0.9821428571428571,1.0,0.9795918367346939,0.5
1.0,0.3333333333333333,0.0,0.3469387755102041,0.004145282273983419,1.0,0.21291621241884245,0.9821428571428571,1.0,0.9795918367346939,0.5
1.0,0.3333333333333333,0.0,0.24489795918367346,0.0031270561916041583,1.0,0.16108590768344494,0.9821428571428571,1.0,0.9795918367346939,0.5
1.0,0.3333333333333333,0.0,0.3469387755102041,0.005132254243979471,1.0,0.26315560311551206,0.9821428571428571,1.0,0.9795918367346939,0.5
1.0,0.3333333333333333,0.0,0.44897959183673464,0.0066225819186735094,1.0,0.33901708306748324,0.9821428571428571,1.0,0.9795918367346939,1.0
1.0,0.3333333333333333,0.0,0.44897959183673464,0.004487432556915384,1.0,0.23033253452702124,0.9821428571428571,1.0,0.9795918367346939,1.0
1.0,0.3333333333333333,0.0,0.44897959183673464,0.005658639294644032,1.0,0.28994994482040254,0.9821428571428571,1.0,0.9795918367346939,0.5
1.0,0.3333333333333333,0.0,0.44897959183673464,0.00460586919331491,1.0,0.2363612614106216,0.9821428571428571,1.0,0.9795918367346939,0.5
1.0,0.3333333333333333,0.0,0.3469387755102041,0.006451506777207528,1.0,0.3303089220133938,0.9821428571428571,1.0,0.9795918367346939,0.5
1.0,0.3333333333333333,0.0,0.3469387755102041,0.005132254243979471,1.0,0.26315560311551206,0.9821428571428571,1.0,0.9795918367346939,0.5
1.0,0.3333333333333333,0.0,0.3469387755102041,0.004638768258981445,1.0,0.23803590776717726,0.9821428571428571,1.0,0.9795918367346939,0.5
1.0,0.3333333333333333,0.0,0.3469387755102041,0.002187787866824582,1.0,0.11327475420378101,0.9821428571428571,1.0,0.9795918367346939,0.5
1.0,0.3333333333333333,0.0,0.44897959183673464,0.0066225819186735094,1.0,0.33901708306748324,0.9821428571428571,1.0,0.9795918367346939,0.5
1.0,0.3333333333333333,0.0,0.44897959183673464,0.004487432556915384,1.0,0.23033253452702124,0.9821428571428571,1.0,0.9795918367346939,0.5
1.0,0.3333333333333333,0.0,0.04081632653061224,0.0066225819186735094,1.0,0.33901708306748324,0.9821428571428571,1.0,0.9795918367346939,0.5
1.0,0.3333333333333333,0.0,0.04081632653061224,0.005944861165942887,1.0,0.30451936812243674,0.9821428571428571,1.0,0.9795918367346939,0.5
1.0,0.3333333333333333,0.0,0.3469387755102041,0.005629030135544151,1.0,0.28844276309950245,0.9821428571428571,1.0,0.9795918367346939,0.5
1.0,0.3333333333333333,0.0,0.3469387755102041,0.004482497697065404,1.0,0.2300813375735379,0.9821428571428571,1.0,0.9795918367346939,0.5
1.0,0.3333333333333333,0.0,0.24489795918367346,0.0036896302145019077,1.0,0.18972236038054663,0.9821428571428571,1.0,0.9795918367346939,0.5
1.0,0.3333333333333333,0.0,0.3469387755102041,0.0016449532833267535,1.0,0.08564308932061272,0.9821428571428571,1.0,0.9795918367346939,0.5
1.0,0.3333333333333333,0.0,0.24489795918367346,0.005461244900644822,1.0,0.2799020666810686,0.9821428571428571,1.0,0.9795918367346939,0.5
1.0,0.0,0.0,0.24489795918367346,0.0015133570206606133,0.5,0.10479769434689629,0.3571428571428571,1.0,0.36734693877551017,0.5
1.0,0.3333333333333333,0.0,0.24489795918367346,0.0025003289906566652,1.0,0.12918389459105972,0.9821428571428571,1.0,0.9795918367346939,0.5
1.0,0.3333333333333333,0.0,0.44897959183673464,0.0044742729306487695,1.0,0.229662675984399,0.9821428571428571,1.0,0.9795918367346939,0.5
1.0,0.3333333333333333,0.0,0.44897959183673464,0.006777207527306225,1.0,0.3468879209432948,0.9821428571428571,1.0,0.9795918367346939,0.5
1.0,0.3333333333333333,0.0,0.44897959183673464,0.0044742729306487695,1.0,0.229662675984399,0.9821428571428571,1.0,0.9795918367346939,0.5
1.0,0.3333333333333333,0.0,0.24489795918367346,0.0031583103039873666,1.0,0.16267682172217282,0.9821428571428571,1.0,0.9795918367346939,0.5
1.0,0.3333333333333333,0.0,0.24489795918367346,0.0021384392683247793,1.0,0.11076278466894753,0.9821428571428571,1.0,0.9795918367346939,0.5
1.0,0.3333333333333333,0.0,0.44897959183673464,0.006777207527306225,1.0,0.3468879209432948,0.9821428571428571,1.0,0.9795918367346939,0.5
1.0,0.3333333333333333,0.0,0.44897959183673464,0.0044742729306487695,1.0,0.229662675984399,0.9821428571428571,1.0,0.9795918367346939,0.5
1.0,0.3333333333333333,0.0,0.44897959183673464,0.006777207527306225,1.0,0.3468879209432948,0.9821428571428571,1.0,0.9795918367346939,0.5
1.0,0.3333333333333333,0.0,0.24489795918367346,0.004805731017239111,1.0,0.24653473802669723,0.9821428571428571,1.0,0.9795918367346939,0.5
1.0,0.3333333333333333,0.0,0.3469387755102041,0.0031583103039873666,1.0,0.16267682172217282,0.9821428571428571,1.0,0.9795918367346939,0.5
1.0,0.3333333333333333,0.0,0.3469387755102041,0.0006908803789972365,1.0,0.037078344980498744,0.9821428571428571,1.0,0.9795918367346939,0.5
1.0,0.3333333333333333,0.0,0.24489795918367346,0.0040301355441505465,1.0,0.20705495017089764,0.9821428571428571,1.0,0.9795918367346939,0.5
1.0,0.3333333333333333,0.0,0.24489795918367346,0.0033642584550598762,1.0,0.17316010791421121,0.9821428571428571,1.0,0.9795918367346939,0.5
1.0,0.3333333333333333,0.0,0.3469387755102041,0.007109817081194895,1.0,0.36381859560807245,0.9821428571428571,1.0,0.9795918367346939,0.5
1.0,0.3333333333333333,0.0,0.3469387755102041,0.005134886169232794,1.0,0.26328957482403653,0.9821428571428571,1.0,0.9795918367346939,0.5
1.0,0.3333333333333333,0.0,0.24489795918367346,0.003322805632320042,1.0,0.1710500535049511,0.9821428571428571,1.0,0.9795918367346939,0.5
1.0,0.3333333333333333,0.0,0.24489795918367346,0.003517732596394262,1.0,0.18097233316754333,0.9821428571428571,1.0,0.9795918367346939,0.5
1.0,0.0,0.0,0.24489795918367346,0.0010198710356625871,0.5,0.07192271172135224,0.3571428571428571,1.0,0.36734693877551017,0.5
1.0,0.3333333333333333,0.0,0.44897959183673464,0.0044742729306487695,1.0,0.229662675984399,0.9821428571428571,1.0,0.9795918367346939,0.5
1.0,0.3333333333333333,0.0,0.24489795918367346,0.0031254112383208316,1.0,0.16100217536561717,0.9821428571428571,1.0,0.9795918367346939,0.5
1.0,0.3333333333333333,0.0,0.24489795918367346,0.001842347677325964,1.0,0.09569096745994664,0.9821428571428571,1.0,0.9795918367346939,0.5
1.0,0.3333333333333333,0.0,0.32653061224489793,0.0062035794183445195,1.0,0.3176887870703904,0.9821428571428571,1.0,0.9795918367346939,0.5
1.0,0.3333333333333333,0.0,0.32653061224489793,0.004633964995394131,1.0,0.23779140939912013,0.9821428571428571,1.0,0.9795918367346939,0.5
1.0,0.3333333333333333,0.0,0.44897959183673464,0.007435188840636926,1.0,0.38038084807440786,0.9821428571428571,1.0,0.9795918367346939,0.5
1.0,0.3333333333333333,0.0,0.44897959183673464,0.00480326358731412,1.0,0.24640913954995552,0.9821428571428571,1.0,0.9795918367346939,0.5
1.0,0.3333333333333333,0.0,0.3061224489795918,0.00481181734438742,1.0,0.24684454760266,0.9821428571428571,1.0,0.9795918367346939,0.5
1.0,0.3333333333333333,0.0,0.3061224489795918,0.003463613633372812,1.0,0.17821753991100928,0.9821428571428571,1.0,0.9795918367346939,0.5
1.0,0.3333333333333333,0.0,0.44897959183673464,0.006777207527306225,1.0,0.3468879209432948,0.9821428571428571,1.0,0.9795918367346939,0.5
1.0,0.3333333333333333,0.0,0.24489795918367346,0.005461244900644822,1.0,0.2799020666810686,0.9821428571428571,1.0,0.9795918367346939,0.5
1.0,0.0,0.0,0.44897959183673464,0.005132254243979471,1.0,0.26315560311551206,0.9821428571428571,1.0,0.9795918367346939,0.5
1.0,0.0,0.0,0.44897959183673464,0.004145282273983419,1.0,0.21291621241884245,0.9821428571428571,1.0,0.9795918367346939,0.5
1.0,0.6666666666666666,0.0,0.24489795918367346,0.0020726411369917093,1.0,0.10741349195583623,0.14285714285714285,1.0,0.12244897959183673,0.5
1.0,0.6666666666666666,0.0,0.24489795918367346,0.0015791551519936833,1.0,0.08229379660750141,0.14285714285714285,1.0,0.12244897959183673,0.5
1.0,0.3333333333333333,0.0,0.3469387755102041,0.00493485984998026,1.0,0.25310772497617817,0.9821428571428571,1.0,0.9795918367346939,0.5
1.0,0.3333333333333333,0.0,0.3469387755102041,0.0040136860113172785,1.0,0.20621762699261983,0.9821428571428571,1.0,0.9795918367346939,0.5
1.0,0.3333333333333333,0.0,0.24489795918367346,0.004112383208316884,1.0,0.21124156606228678,0.9821428571428571,1.0,0.9795918367346939,0.5
1.0,0.3333333333333333,0.0,0.24489795918367346,0.00480326358731412,1.0,0.24640913954995552,0.9821428571428571,1.0,0.9795918367346939,0.5
1.0,0.0,0.0,0.02040816326530612,0.006448216870640874,1.0,0.33014145737773826,0.4821428571428571,1.0,0.9795918367346939,1.0
